merchant,prediction_date,risk_score,alert,previous_7d_average_transaction_amount,previous_7d_maximum_transaction_amount,previous_7d_total_transaction_amount,previous_14d_transaction_count,previous_14d_fraud_rate,previous_7d_transaction_count_change,explanation
fraud_Kuhn LLC,2020-06-08,0.9119676391320598,1,59.96521739130437,810.62,2758.400000000001,104.0,0.019230769230769232,-12.0,Historical evidence only: prior 7-day average transaction amount 59.97; prior 7-day maximum transaction amount 810.62; prior 7-day total transaction amount 2758.40; prior 14-day transaction count 104; prior 14-day fraud rate 0.019231; recent 7-day transaction-count change versus the preceding 7 days -12.
fraud_Kilback LLC,2020-05-06,0.8979580767060842,1,90.28794871794872,324.8,3521.23,92.0,0.021739130434782608,-14.0,Historical evidence only: prior 7-day average transaction amount 90.29; prior 7-day maximum transaction amount 324.80; prior 7-day total transaction amount 3521.23; prior 14-day transaction count 92; prior 14-day fraud rate 0.021739; recent 7-day transaction-count change versus the preceding 7 days -14.
fraud_Kilback LLC,2020-05-29,0.8961113440028069,1,94.13454545454545,320.85,5177.4,109.0,0.01834862385321101,1.0,Historical evidence only: prior 7-day average transaction amount 94.13; prior 7-day maximum transaction amount 320.85; prior 7-day total transaction amount 5177.40; prior 14-day transaction count 109; prior 14-day fraud rate 0.018349; recent 7-day transaction-count change versus the preceding 7 days 1.
"fraud_Schoen, Kuphal and Nitzsche",2020-05-14,0.8943437291916707,1,109.50850000000003,236.59,2190.1700000000005,51.0,0.058823529411764705,-11.0,Historical evidence only: prior 7-day average transaction amount 109.51; prior 7-day maximum transaction amount 236.59; prior 7-day total transaction amount 2190.17; prior 14-day transaction count 51; prior 14-day fraud rate 0.058824; recent 7-day transaction-count change versus the preceding 7 days -11.
fraud_Doyle Ltd,2020-05-14,0.8939685549186512,1,109.05592592592592,216.28,2944.5099999999998,59.0,0.05084745762711865,-5.0,Historical evidence only: prior 7-day average transaction amount 109.06; prior 7-day maximum transaction amount 216.28; prior 7-day total transaction amount 2944.51; prior 14-day transaction count 59; prior 14-day fraud rate 0.050847; recent 7-day transaction-count change versus the preceding 7 days -5.
fraud_Doyle Ltd,2020-05-13,0.8932311050406587,1,107.26071428571429,216.28,3003.3,59.0,0.05084745762711865,-3.0,Historical evidence only: prior 7-day average transaction amount 107.26; prior 7-day maximum transaction amount 216.28; prior 7-day total transaction amount 3003.30; prior 14-day transaction count 59; prior 14-day fraud rate 0.050847; recent 7-day transaction-count change versus the preceding 7 days -3.
fraud_Kiehn Inc,2020-05-14,0.8932311050406587,1,115.27607142857143,215.6,3227.73,59.0,0.05084745762711865,-3.0,Historical evidence only: prior 7-day average transaction amount 115.28; prior 7-day maximum transaction amount 215.60; prior 7-day total transaction amount 3227.73; prior 14-day transaction count 59; prior 14-day fraud rate 0.050847; recent 7-day transaction-count change versus the preceding 7 days -3.
fraud_Barton Inc,2020-06-06,0.8902732848534566,1,113.32400000000001,232.7,6799.4400000000005,92.0,0.0,28.0,Historical evidence only: prior 7-day average transaction amount 113.32; prior 7-day maximum transaction amount 232.70; prior 7-day total transaction amount 6799.44; prior 14-day transaction count 92; prior 14-day fraud rate 0.000000; recent 7-day transaction-count change versus the preceding 7 days 28.
fraud_Kuhn LLC,2020-06-14,0.8881437083701591,1,81.11377358490569,1376.04,4299.030000000002,103.0,0.019417475728155338,3.0,Historical evidence only: prior 7-day average transaction amount 81.11; prior 7-day maximum transaction amount 1376.04; prior 7-day total transaction amount 4299.03; prior 14-day transaction count 103; prior 14-day fraud rate 0.019417; recent 7-day transaction-count change versus the preceding 7 days 3.
fraud_Cormier LLC,2020-06-09,0.886770449152636,1,122.90820000000004,2700.77,6145.410000000002,104.0,0.019230769230769232,-4.0,Historical evidence only: prior 7-day average transaction amount 122.91; prior 7-day maximum transaction amount 2700.77; prior 7-day total transaction amount 6145.41; prior 14-day transaction count 104; prior 14-day fraud rate 0.019231; recent 7-day transaction-count change versus the preceding 7 days -4.
fraud_Schumm PLC,2020-06-05,0.8833442955869206,1,79.04354166666667,1088.48,3794.09,105.0,0.01904761904761905,-9.0,Historical evidence only: prior 7-day average transaction amount 79.04; prior 7-day maximum transaction amount 1088.48; prior 7-day total transaction amount 3794.09; prior 14-day transaction count 105; prior 14-day fraud rate 0.019048; recent 7-day transaction-count change versus the preceding 7 days -9.
"fraud_Schoen, Kuphal and Nitzsche",2020-05-13,0.8832803565892337,1,118.67124999999999,236.59,2848.1099999999997,51.0,0.058823529411764705,-3.0,Historical evidence only: prior 7-day average transaction amount 118.67; prior 7-day maximum transaction amount 236.59; prior 7-day total transaction amount 2848.11; prior 14-day transaction count 51; prior 14-day fraud rate 0.058824; recent 7-day transaction-count change versus the preceding 7 days -3.
"fraud_Weimann, Kuhic and Beahan",2020-06-09,0.8829893409989842,1,85.36046511627909,989.86,3670.5000000000005,96.0,0.020833333333333332,-10.0,Historical evidence only: prior 7-day average transaction amount 85.36; prior 7-day maximum transaction amount 989.86; prior 7-day total transaction amount 3670.50; prior 14-day transaction count 96; prior 14-day fraud rate 0.020833; recent 7-day transaction-count change versus the preceding 7 days -10.
"fraud_Weimann, Kuhic and Beahan",2020-06-10,0.8730143575052991,1,81.50279069767443,989.86,3504.6200000000003,97.0,0.020618556701030927,-11.0,Historical evidence only: prior 7-day average transaction amount 81.50; prior 7-day maximum transaction amount 989.86; prior 7-day total transaction amount 3504.62; prior 14-day transaction count 97; prior 14-day fraud rate 0.020619; recent 7-day transaction-count change versus the preceding 7 days -11.
fraud_Doyle Ltd,2020-05-11,0.8723314101498485,1,121.29583333333333,290.48,2911.1,55.0,0.05454545454545454,-7.0,Historical evidence only: prior 7-day average transaction amount 121.30; prior 7-day maximum transaction amount 290.48; prior 7-day total transaction amount 2911.10; prior 14-day transaction count 55; prior 14-day fraud rate 0.054545; recent 7-day transaction-count change versus the preceding 7 days -7.
fraud_Bradtke PLC,2020-06-08,0.8723155986996463,1,112.70522727272727,237.41,4959.03,89.0,0.02247191011235955,-1.0,Historical evidence only: prior 7-day average transaction amount 112.71; prior 7-day maximum transaction amount 237.41; prior 7-day total transaction amount 4959.03; prior 14-day transaction count 89; prior 14-day fraud rate 0.022472; recent 7-day transaction-count change versus the preceding 7 days -1.
fraud_Stracke-Lemke,2020-05-31,0.8715659782944313,1,109.9321212121212,386.1,3627.7599999999998,67.0,0.05970149253731343,-1.0,Historical evidence only: prior 7-day average transaction amount 109.93; prior 7-day maximum transaction amount 386.10; prior 7-day total transaction amount 3627.76; prior 14-day transaction count 67; prior 14-day fraud rate 0.059701; recent 7-day transaction-count change versus the preceding 7 days -1.
fraud_Kuhn LLC,2020-06-13,0.8708688290847104,1,81.15280000000003,1376.04,4057.6400000000012,100.0,0.02,0.0,Historical evidence only: prior 7-day average transaction amount 81.15; prior 7-day maximum transaction amount 1376.04; prior 7-day total transaction amount 4057.64; prior 14-day transaction count 100; prior 14-day fraud rate 0.020000; recent 7-day transaction-count change versus the preceding 7 days 0.
fraud_Cormier LLC,2020-05-25,0.8682451053914836,1,65.90470588235296,626.79,3361.140000000001,104.0,0.019230769230769232,-2.0,Historical evidence only: prior 7-day average transaction amount 65.90; prior 7-day maximum transaction amount 626.79; prior 7-day total transaction amount 3361.14; prior 14-day transaction count 104; prior 14-day fraud rate 0.019231; recent 7-day transaction-count change versus the preceding 7 days -2.
fraud_Kuhn LLC,2020-05-31,0.8674254440659944,1,60.47823529411768,656.0,3084.3900000000017,108.0,0.018518518518518517,-6.0,Historical evidence only: prior 7-day average transaction amount 60.48; prior 7-day maximum transaction amount 656.00; prior 7-day total transaction amount 3084.39; prior 14-day transaction count 108; prior 14-day fraud rate 0.018519; recent 7-day transaction-count change versus the preceding 7 days -6.
fraud_Doyle Ltd,2020-05-09,0.8670486461165585,1,111.40416666666668,290.48,2673.7000000000003,54.0,0.05555555555555555,-6.0,Historical evidence only: prior 7-day average transaction amount 111.40; prior 7-day maximum transaction amount 290.48; prior 7-day total transaction amount 2673.70; prior 14-day transaction count 54; prior 14-day fraud rate 0.055556; recent 7-day transaction-count change versus the preceding 7 days -6.
fraud_Doyle Ltd,2020-05-10,0.8670486461165585,1,116.1991304347826,290.48,2672.58,54.0,0.05555555555555555,-8.0,Historical evidence only: prior 7-day average transaction amount 116.20; prior 7-day maximum transaction amount 290.48; prior 7-day total transaction amount 2672.58; prior 14-day transaction count 54; prior 14-day fraud rate 0.055556; recent 7-day transaction-count change versus the preceding 7 days -8.
fraud_Kilback LLC,2020-05-18,0.8669549741406254,1,89.6895744680851,278.62,4215.41,102.0,0.0196078431372549,-8.0,Historical evidence only: prior 7-day average transaction amount 89.69; prior 7-day maximum transaction amount 278.62; prior 7-day total transaction amount 4215.41; prior 14-day transaction count 102; prior 14-day fraud rate 0.019608; recent 7-day transaction-count change versus the preceding 7 days -8.
fraud_Torphy-Goyette,2020-05-18,0.8669011825471871,1,17.522799999999965,118.14,438.0699999999991,53.0,0.03773584905660377,-3.0,Historical evidence only: prior 7-day average transaction amount 17.52; prior 7-day maximum transaction amount 118.14; prior 7-day total transaction amount 438.07; prior 14-day transaction count 53; prior 14-day fraud rate 0.037736; recent 7-day transaction-count change versus the preceding 7 days -3.
fraud_Goodwin-Nitzsche,2020-06-13,0.8667214601424678,1,112.91833333333332,213.42,4742.57,91.0,0.0,-7.0,Historical evidence only: prior 7-day average transaction amount 112.92; prior 7-day maximum transaction amount 213.42; prior 7-day total transaction amount 4742.57; prior 14-day transaction count 91; prior 14-day fraud rate 0.000000; recent 7-day transaction-count change versus the preceding 7 days -7.
fraud_Kilback LLC,2020-05-07,0.8658138234830598,1,87.62921052631579,324.8,3329.91,91.0,0.02197802197802198,-15.0,Historical evidence only: prior 7-day average transaction amount 87.63; prior 7-day maximum transaction amount 324.80; prior 7-day total transaction amount 3329.91; prior 14-day transaction count 91; prior 14-day fraud rate 0.021978; recent 7-day transaction-count change versus the preceding 7 days -15.
fraud_Barton Inc,2020-06-02,0.8645361003785829,1,109.04081632653062,223.39,5343.0,85.0,0.023529411764705882,13.0,Historical evidence only: prior 7-day average transaction amount 109.04; prior 7-day maximum transaction amount 223.39; prior 7-day total transaction amount 5343.00; prior 14-day transaction count 85; prior 14-day fraud rate 0.023529; recent 7-day transaction-count change versus the preceding 7 days 13.
fraud_Cormier LLC,2020-06-10,0.864409766327181,1,84.49522727272729,916.28,3717.790000000001,98.0,0.02040816326530612,-10.0,Historical evidence only: prior 7-day average transaction amount 84.50; prior 7-day maximum transaction amount 916.28; prior 7-day total transaction amount 3717.79; prior 14-day transaction count 98; prior 14-day fraud rate 0.020408; recent 7-day transaction-count change versus the preceding 7 days -10.
fraud_Kuhn LLC,2020-06-05,0.8640572307202806,1,57.49071428571431,810.62,3219.4800000000014,107.0,0.018691588785046728,5.0,Historical evidence only: prior 7-day average transaction amount 57.49; prior 7-day maximum transaction amount 810.62; prior 7-day total transaction amount 3219.48; prior 14-day transaction count 107; prior 14-day fraud rate 0.018692; recent 7-day transaction-count change versus the preceding 7 days 5.
"fraud_Mosciski, Gislason and Mertz",2020-05-16,0.8635047338688971,1,139.8244,315.09,3495.6099999999997,48.0,0.041666666666666664,2.0,Historical evidence only: prior 7-day average transaction amount 139.82; prior 7-day maximum transaction amount 315.09; prior 7-day total transaction amount 3495.61; prior 14-day transaction count 48; prior 14-day fraud rate 0.041667; recent 7-day transaction-count change versus the preceding 7 days 2.
fraud_Schumm PLC,2020-05-15,0.8623735233133759,1,147.18155555555555,1348.03,6623.169999999999,94.0,0.02127659574468085,-4.0,Historical evidence only: prior 7-day average transaction amount 147.18; prior 7-day maximum transaction amount 1348.03; prior 7-day total transaction amount 6623.17; prior 14-day transaction count 94; prior 14-day fraud rate 0.021277; recent 7-day transaction-count change versus the preceding 7 days -4.
"fraud_Weimann, Kuhic and Beahan",2020-06-11,0.8617627191219205,1,85.56454545454547,989.86,3764.8400000000006,95.0,0.021052631578947368,-7.0,Historical evidence only: prior 7-day average transaction amount 85.56; prior 7-day maximum transaction amount 989.86; prior 7-day total transaction amount 3764.84; prior 14-day transaction count 95; prior 14-day fraud rate 0.021053; recent 7-day transaction-count change versus the preceding 7 days -7.
fraud_Heidenreich PLC,2020-06-06,0.8612851219953603,1,116.6641935483871,291.1,3616.59,81.0,0.012345679012345678,-19.0,Historical evidence only: prior 7-day average transaction amount 116.66; prior 7-day maximum transaction amount 291.10; prior 7-day total transaction amount 3616.59; prior 14-day transaction count 81; prior 14-day fraud rate 0.012346; recent 7-day transaction-count change versus the preceding 7 days -19.
fraud_Rutherford-Mertz,2020-05-21,0.8603874586650251,1,141.8704,290.71,3546.7599999999998,58.0,0.034482758620689655,-8.0,Historical evidence only: prior 7-day average transaction amount 141.87; prior 7-day maximum transaction amount 290.71; prior 7-day total transaction amount 3546.76; prior 14-day transaction count 58; prior 14-day fraud rate 0.034483; recent 7-day transaction-count change versus the preceding 7 days -8.
fraud_Miller-Hauck,2020-06-13,0.8597100857052729,1,111.32325581395348,233.07,4786.9,84.0,0.023809523809523808,2.0,Historical evidence only: prior 7-day average transaction amount 111.32; prior 7-day maximum transaction amount 233.07; prior 7-day total transaction amount 4786.90; prior 14-day transaction count 84; prior 14-day fraud rate 0.023810; recent 7-day transaction-count change versus the preceding 7 days 2.
fraud_Cormier LLC,2020-06-11,0.8595984983101194,1,81.09295454545457,916.28,3568.090000000001,100.0,0.02,-12.0,Historical evidence only: prior 7-day average transaction amount 81.09; prior 7-day maximum transaction amount 916.28; prior 7-day total transaction amount 3568.09; prior 14-day transaction count 100; prior 14-day fraud rate 0.020000; recent 7-day transaction-count change versus the preceding 7 days -12.
fraud_Barton Inc,2020-06-10,0.8595661682890338,1,116.62000000000002,232.7,4898.040000000001,94.0,0.0,-10.0,Historical evidence only: prior 7-day average transaction amount 116.62; prior 7-day maximum transaction amount 232.70; prior 7-day total transaction amount 4898.04; prior 14-day transaction count 94; prior 14-day fraud rate 0.000000; recent 7-day transaction-count change versus the preceding 7 days -10.
fraud_Schumm PLC,2020-05-26,0.8587422111015006,1,73.73098039215685,992.74,3760.2799999999997,100.0,0.01,2.0,Historical evidence only: prior 7-day average transaction amount 73.73; prior 7-day maximum transaction amount 992.74; prior 7-day total transaction amount 3760.28; prior 14-day transaction count 100; prior 14-day fraud rate 0.010000; recent 7-day transaction-count change versus the preceding 7 days 2.
fraud_Schumm PLC,2020-06-08,0.8585330628610613,1,104.34211538461537,1088.48,5425.789999999999,106.0,0.018867924528301886,-2.0,Historical evidence only: prior 7-day average transaction amount 104.34; prior 7-day maximum transaction amount 1088.48; prior 7-day total transaction amount 5425.79; prior 14-day transaction count 106; prior 14-day fraud rate 0.018868; recent 7-day transaction-count change versus the preceding 7 days -2.
"fraud_Moen, Reinger and Murphy",2020-05-02,0.8578758587694663,1,129.529,227.68,2590.58,61.0,0.0,-21.0,Historical evidence only: prior 7-day average transaction amount 129.53; prior 7-day maximum transaction amount 227.68; prior 7-day total transaction amount 2590.58; prior 14-day transaction count 61; prior 14-day fraud rate 0.000000; recent 7-day transaction-count change versus the preceding 7 days -21.
fraud_Kilback LLC,2020-05-30,0.8573948520586592,1,91.05018181818183,320.85,5007.76,111.0,0.009009009009009009,-1.0,Historical evidence only: prior 7-day average transaction amount 91.05; prior 7-day maximum transaction amount 320.85; prior 7-day total transaction amount 5007.76; prior 14-day transaction count 111; prior 14-day fraud rate 0.009009; recent 7-day transaction-count change versus the preceding 7 days -1.
fraud_Doyle Ltd,2020-06-12,0.8555935179489004,1,116.48589743589746,310.9,4542.950000000001,83.0,0.024096385542168676,-5.0,Historical evidence only: prior 7-day average transaction amount 116.49; prior 7-day maximum transaction amount 310.90; prior 7-day total transaction amount 4542.95; prior 14-day transaction count 83; prior 14-day fraud rate 0.024096; recent 7-day transaction-count change versus the preceding 7 days -5.
fraud_Schumm PLC,2020-05-10,0.8553455563641386,1,95.64044444444444,1170.12,4303.82,94.0,0.02127659574468085,-4.0,Historical evidence only: prior 7-day average transaction amount 95.64; prior 7-day maximum transaction amount 1170.12; prior 7-day total transaction amount 4303.82; prior 14-day transaction count 94; prior 14-day fraud rate 0.021277; recent 7-day transaction-count change versus the preceding 7 days -4.
"fraud_Schumm, Bauch and Ondricka",2020-05-18,0.8544925363489068,1,140.57612903225805,288.3,4357.86,71.0,0.028169014084507043,-9.0,Historical evidence only: prior 7-day average transaction amount 140.58; prior 7-day maximum transaction amount 288.30; prior 7-day total transaction amount 4357.86; prior 14-day transaction count 71; prior 14-day fraud rate 0.028169; recent 7-day transaction-count change versus the preceding 7 days -9.
fraud_Koepp-Witting,2020-06-12,0.8538102983214103,1,124.08874999999998,219.07,4963.549999999999,87.0,0.022988505747126436,-7.0,Historical evidence only: prior 7-day average transaction amount 124.09; prior 7-day maximum transaction amount 219.07; prior 7-day total transaction amount 4963.55; prior 14-day transaction count 87; prior 14-day fraud rate 0.022989; recent 7-day transaction-count change versus the preceding 7 days -7.
"fraud_Goldner, Kovacek and Abbott",2020-05-10,0.8536291906667485,1,113.0651851851852,296.85,3052.76,59.0,0.05084745762711865,-5.0,Historical evidence only: prior 7-day average transaction amount 113.07; prior 7-day maximum transaction amount 296.85; prior 7-day total transaction amount 3052.76; prior 14-day transaction count 59; prior 14-day fraud rate 0.050847; recent 7-day transaction-count change versus the preceding 7 days -5.
fraud_Bogisich Inc,2020-06-07,0.8534232454974506,1,107.05488372093022,215.74,4603.36,82.0,0.024390243902439025,4.0,Historical evidence only: prior 7-day average transaction amount 107.05; prior 7-day maximum transaction amount 215.74; prior 7-day total transaction amount 4603.36; prior 14-day transaction count 82; prior 14-day fraud rate 0.024390; recent 7-day transaction-count change versus the preceding 7 days 4.
fraud_DuBuque LLC,2020-06-03,0.8528707825488924,1,103.95888888888888,229.56,2806.89,71.0,0.0,-17.0,Historical evidence only: prior 7-day average transaction amount 103.96; prior 7-day maximum transaction amount 229.56; prior 7-day total transaction amount 2806.89; prior 14-day transaction count 71; prior 14-day fraud rate 0.000000; recent 7-day transaction-count change versus the preceding 7 days -17.
"fraud_Langworth, Boehm and Gulgowski",2020-05-12,0.8521997641958019,1,53.91733333333333,666.11,1617.52,61.0,0.04918032786885246,-1.0,Historical evidence only: prior 7-day average transaction amount 53.92; prior 7-day maximum transaction amount 666.11; prior 7-day total transaction amount 1617.52; prior 14-day transaction count 61; prior 14-day fraud rate 0.049180; recent 7-day transaction-count change versus the preceding 7 days -1.
"fraud_Goldner, Kovacek and Abbott",2020-05-09,0.8519729346574526,1,111.83714285714288,296.85,3131.4400000000005,60.0,0.05,-4.0,Historical evidence only: prior 7-day average transaction amount 111.84; prior 7-day maximum transaction amount 296.85; prior 7-day total transaction amount 3131.44; prior 14-day transaction count 60; prior 14-day fraud rate 0.050000; recent 7-day transaction-count change versus the preceding 7 days -4.
fraud_Hackett-Lueilwitz,2020-05-18,0.851836248430837,1,129.1504347826087,290.67,2970.46,54.0,0.037037037037037035,-8.0,Historical evidence only: prior 7-day average transaction amount 129.15; prior 7-day maximum transaction amount 290.67; prior 7-day total transaction amount 2970.46; prior 14-day transaction count 54; prior 14-day fraud rate 0.037037; recent 7-day transaction-count change versus the preceding 7 days -8.
fraud_Terry-Huel,2020-05-06,0.8516768587143251,1,285.71214285714285,2976.41,7999.9400000000005,46.0,0.06521739130434782,10.0,Historical evidence only: prior 7-day average transaction amount 285.71; prior 7-day maximum transaction amount 2976.41; prior 7-day total transaction amount 7999.94; prior 14-day transaction count 46; prior 14-day fraud rate 0.065217; recent 7-day transaction-count change versus the preceding 7 days 10.
fraud_Kiehn Inc,2020-06-02,0.8515857165074486,1,122.68435897435896,319.12,4784.69,83.0,0.024096385542168676,-5.0,Historical evidence only: prior 7-day average transaction amount 122.68; prior 7-day maximum transaction amount 319.12; prior 7-day total transaction amount 4784.69; prior 14-day transaction count 83; prior 14-day fraud rate 0.024096; recent 7-day transaction-count change versus the preceding 7 days -5.
fraud_Bauch-Raynor,2020-06-14,0.851148482500642,1,128.87688888888889,296.06,5799.46,85.0,0.023529411764705882,5.0,Historical evidence only: prior 7-day average transaction amount 128.88; prior 7-day maximum transaction amount 296.06; prior 7-day total transaction amount 5799.46; prior 14-day transaction count 85; prior 14-day fraud rate 0.023529; recent 7-day transaction-count change versus the preceding 7 days 5.
"fraud_Altenwerth, Cartwright and Koss",2020-05-18,0.8507228707471052,1,91.93400000000001,601.33,2298.3500000000004,45.0,0.06666666666666667,5.0,Historical evidence only: prior 7-day average transaction amount 91.93; prior 7-day maximum transaction amount 601.33; prior 7-day total transaction amount 2298.35; prior 14-day transaction count 45; prior 14-day fraud rate 0.066667; recent 7-day transaction-count change versus the preceding 7 days 5.
"fraud_Moen, Reinger and Murphy",2020-05-04,0.8504612071330281,1,138.04080000000002,290.45,3451.0200000000004,58.0,0.017241379310344827,-8.0,Historical evidence only: prior 7-day average transaction amount 138.04; prior 7-day maximum transaction amount 290.45; prior 7-day total transaction amount 3451.02; prior 14-day transaction count 58; prior 14-day fraud rate 0.017241; recent 7-day transaction-count change versus the preceding 7 days -8.
fraud_Padberg-Welch,2020-06-09,0.8494451838427987,1,126.5470731707317,327.0,5188.429999999999,79.0,0.02531645569620253,3.0,Historical evidence only: prior 7-day average transaction amount 126.55; prior 7-day maximum transaction amount 327.00; prior 7-day total transaction amount 5188.43; prior 14-day transaction count 79; prior 14-day fraud rate 0.025316; recent 7-day transaction-count change versus the preceding 7 days 3.
fraud_Kuhn LLC,2020-06-11,0.8490833938950925,1,102.31409090909095,1376.04,4501.8200000000015,102.0,0.0196078431372549,-14.0,Historical evidence only: prior 7-day average transaction amount 102.31; prior 7-day maximum transaction amount 1376.04; prior 7-day total transaction amount 4501.82; prior 14-day transaction count 102; prior 14-day fraud rate 0.019608; recent 7-day transaction-count change versus the preceding 7 days -14.
fraud_Kiehn Inc,2020-06-03,0.8485923367421565,1,115.65095238095239,319.12,4857.34,80.0,0.025,4.0,Historical evidence only: prior 7-day average transaction amount 115.65; prior 7-day maximum transaction amount 319.12; prior 7-day total transaction amount 4857.34; prior 14-day transaction count 80; prior 14-day fraud rate 0.025000; recent 7-day transaction-count change versus the preceding 7 days 4.
fraud_Kuhn LLC,2020-06-12,0.8483951708012059,1,89.85534883720933,1376.04,3863.780000000001,99.0,0.020202020202020204,-13.0,Historical evidence only: prior 7-day average transaction amount 89.86; prior 7-day maximum transaction amount 1376.04; prior 7-day total transaction amount 3863.78; prior 14-day transaction count 99; prior 14-day fraud rate 0.020202; recent 7-day transaction-count change versus the preceding 7 days -13.
fraud_Hudson-Ratke,2020-05-13,0.8483828470502861,1,102.29518518518519,172.22,2761.9700000000003,54.0,0.0,0.0,Historical evidence only: prior 7-day average transaction amount 102.30; prior 7-day maximum transaction amount 172.22; prior 7-day total transaction amount 2761.97; prior 14-day transaction count 54; prior 14-day fraud rate 0.000000; recent 7-day transaction-count change versus the preceding 7 days 0.
fraud_Doyle Ltd,2020-06-13,0.8482698879818475,1,110.98052631578946,310.9,4217.259999999999,84.0,0.023809523809523808,-8.0,Historical evidence only: prior 7-day average transaction amount 110.98; prior 7-day maximum transaction amount 310.90; prior 7-day total transaction amount 4217.26; prior 14-day transaction count 84; prior 14-day fraud rate 0.023810; recent 7-day transaction-count change versus the preceding 7 days -8.
fraud_Goodwin-Nitzsche,2020-05-04,0.8476550616922205,1,117.7017391304348,302.24,5414.280000000001,86.0,0.023255813953488372,6.0,Historical evidence only: prior 7-day average transaction amount 117.70; prior 7-day maximum transaction amount 302.24; prior 7-day total transaction amount 5414.28; prior 14-day transaction count 86; prior 14-day fraud rate 0.023256; recent 7-day transaction-count change versus the preceding 7 days 6.
fraud_Bauch-Raynor,2020-06-12,0.8475691554146803,1,126.43853658536587,296.06,5183.9800000000005,81.0,0.024691358024691357,1.0,Historical evidence only: prior 7-day average transaction amount 126.44; prior 7-day maximum transaction amount 296.06; prior 7-day total transaction amount 5183.98; prior 14-day transaction count 81; prior 14-day fraud rate 0.024691; recent 7-day transaction-count change versus the preceding 7 days 1.
fraud_Heidenreich PLC,2020-06-07,0.8472538991782704,1,116.68781249999999,291.1,3734.0099999999998,82.0,0.012195121951219513,-18.0,Historical evidence only: prior 7-day average transaction amount 116.69; prior 7-day maximum transaction amount 291.10; prior 7-day total transaction amount 3734.01; prior 14-day transaction count 82; prior 14-day fraud rate 0.012195; recent 7-day transaction-count change versus the preceding 7 days -18.
fraud_Rau and Sons,2020-06-12,0.846556824379278,1,123.5142105263158,288.6,4693.54,92.0,0.0,-16.0,Historical evidence only: prior 7-day average transaction amount 123.51; prior 7-day maximum transaction amount 288.60; prior 7-day total transaction amount 4693.54; prior 14-day transaction count 92; prior 14-day fraud rate 0.000000; recent 7-day transaction-count change versus the preceding 7 days -16.
"fraud_Weimann, Kuhic and Beahan",2020-06-12,0.8465400873108022,1,72.03800000000001,613.97,3241.7100000000005,96.0,0.020833333333333332,-6.0,Historical evidence only: prior 7-day average transaction amount 72.04; prior 7-day maximum transaction amount 613.97; prior 7-day total transaction amount 3241.71; prior 14-day transaction count 96; prior 14-day fraud rate 0.020833; recent 7-day transaction-count change versus the preceding 7 days -6.
fraud_O'Keefe-Hudson,2020-06-01,0.8462323969721888,1,108.33300000000001,219.04,4333.320000000001,77.0,0.0,3.0,Historical evidence only: prior 7-day average transaction amount 108.33; prior 7-day maximum transaction amount 219.04; prior 7-day total transaction amount 4333.32; prior 14-day transaction count 77; prior 14-day fraud rate 0.000000; recent 7-day transaction-count change versus the preceding 7 days 3.
fraud_Kilback LLC,2020-05-02,0.8461620854368668,1,93.02137254901962,286.36,4744.09,103.0,0.019417475728155338,-1.0,Historical evidence only: prior 7-day average transaction amount 93.02; prior 7-day maximum transaction amount 286.36; prior 7-day total transaction amount 4744.09; prior 14-day transaction count 103; prior 14-day fraud rate 0.019417; recent 7-day transaction-count change versus the preceding 7 days -1.
fraud_Goodwin-Nitzsche,2020-06-11,0.8460121336499633,1,108.58210526315789,194.29,4126.12,88.0,0.0,-12.0,Historical evidence only: prior 7-day average transaction amount 108.58; prior 7-day maximum transaction amount 194.29; prior 7-day total transaction amount 4126.12; prior 14-day transaction count 88; prior 14-day fraud rate 0.000000; recent 7-day transaction-count change versus the preceding 7 days -12.
fraud_Kiehn Inc,2020-06-06,0.8456040944306914,1,110.87209302325581,224.95,4767.5,79.0,0.02531645569620253,7.0,Historical evidence only: prior 7-day average transaction amount 110.87; prior 7-day maximum transaction amount 224.95; prior 7-day total transaction amount 4767.50; prior 14-day transaction count 79; prior 14-day fraud rate 0.025316; recent 7-day transaction-count change versus the preceding 7 days 7.
fraud_Bogisich Inc,2020-06-06,0.8455845711395822,1,106.06159090909091,215.74,4666.71,80.0,0.025,8.0,Historical evidence only: prior 7-day average transaction amount 106.06; prior 7-day maximum transaction amount 215.74; prior 7-day total transaction amount 4666.71; prior 14-day transaction count 80; prior 14-day fraud rate 0.025000; recent 7-day transaction-count change versus the preceding 7 days 8.
fraud_Doyle Ltd,2020-06-14,0.844830601436046,1,106.32970588235294,217.06,3615.21,80.0,0.025,-12.0,Historical evidence only: prior 7-day average transaction amount 106.33; prior 7-day maximum transaction amount 217.06; prior 7-day total transaction amount 3615.21; prior 14-day transaction count 80; prior 14-day fraud rate 0.025000; recent 7-day transaction-count change versus the preceding 7 days -12.
fraud_Schumm PLC,2020-05-19,0.8447918025966372,1,73.49551020408163,668.86,3601.2799999999997,93.0,0.021505376344086023,5.0,Historical evidence only: prior 7-day average transaction amount 73.50; prior 7-day maximum transaction amount 668.86; prior 7-day total transaction amount 3601.28; prior 14-day transaction count 93; prior 14-day fraud rate 0.021505; recent 7-day transaction-count change versus the preceding 7 days 5.
fraud_Cormier LLC,2020-05-23,0.844703295479345,1,55.72962264150945,626.79,2953.670000000001,102.0,0.0196078431372549,4.0,Historical evidence only: prior 7-day average transaction amount 55.73; prior 7-day maximum transaction amount 626.79; prior 7-day total transaction amount 2953.67; prior 14-day transaction count 102; prior 14-day fraud rate 0.019608; recent 7-day transaction-count change versus the preceding 7 days 4.
fraud_Rau and Sons,2020-05-17,0.8446913931759273,1,141.06952380952382,233.77,2962.46,50.0,0.02,-8.0,Historical evidence only: prior 7-day average transaction amount 141.07; prior 7-day maximum transaction amount 233.77; prior 7-day total transaction amount 2962.46; prior 14-day transaction count 50; prior 14-day fraud rate 0.020000; recent 7-day transaction-count change versus the preceding 7 days -8.
fraud_Torphy-Goyette,2020-05-17,0.8445232865835145,1,21.127666666666638,139.75,633.8299999999991,54.0,0.037037037037037035,6.0,Historical evidence only: prior 7-day average transaction amount 21.13; prior 7-day maximum transaction amount 139.75; prior 7-day total transaction amount 633.83; prior 14-day transaction count 54; prior 14-day fraud rate 0.037037; recent 7-day transaction-count change versus the preceding 7 days 6.
fraud_Wolf Inc,2020-06-03,0.8445185347034078,1,115.9239393939394,314.21,3825.4900000000002,63.0,0.047619047619047616,3.0,Historical evidence only: prior 7-day average transaction amount 115.92; prior 7-day maximum transaction amount 314.21; prior 7-day total transaction amount 3825.49; prior 14-day transaction count 63; prior 14-day fraud rate 0.047619; recent 7-day transaction-count change versus the preceding 7 days 3.
fraud_Cormier LLC,2020-05-20,0.8444973820864268,1,100.39627450980396,1129.4,5120.210000000002,98.0,0.02040816326530612,4.0,Historical evidence only: prior 7-day average transaction amount 100.40; prior 7-day maximum transaction amount 1129.40; prior 7-day total transaction amount 5120.21; prior 14-day transaction count 98; prior 14-day fraud rate 0.020408; recent 7-day transaction-count change versus the preceding 7 days 4.
fraud_Kuhn LLC,2020-06-09,0.8444229902622983,1,98.54833333333336,1376.04,4730.3200000000015,105.0,0.01904761904761905,-9.0,Historical evidence only: prior 7-day average transaction amount 98.55; prior 7-day maximum transaction amount 1376.04; prior 7-day total transaction amount 4730.32; prior 14-day transaction count 105; prior 14-day fraud rate 0.019048; recent 7-day transaction-count change versus the preceding 7 days -9.
fraud_Cartwright-Harris,2020-05-16,0.8443977152072488,1,123.05499999999999,289.46,2953.3199999999997,62.0,0.016129032258064516,-14.0,Historical evidence only: prior 7-day average transaction amount 123.05; prior 7-day maximum transaction amount 289.46; prior 7-day total transaction amount 2953.32; prior 14-day transaction count 62; prior 14-day fraud rate 0.016129; recent 7-day transaction-count change versus the preceding 7 days -14.
fraud_Cartwright-Harris,2020-05-17,0.8443977152072488,1,128.51999999999998,289.46,3084.4799999999996,63.0,0.015873015873015872,-15.0,Historical evidence only: prior 7-day average transaction amount 128.52; prior 7-day maximum transaction amount 289.46; prior 7-day total transaction amount 3084.48; prior 14-day transaction count 63; prior 14-day fraud rate 0.015873; recent 7-day transaction-count change versus the preceding 7 days -15.
fraud_Deckow-O'Conner,2020-05-06,0.8443925468036572,1,105.92956521739127,187.31,2436.379999999999,51.0,0.0,-5.0,Historical evidence only: prior 7-day average transaction amount 105.93; prior 7-day maximum transaction amount 187.31; prior 7-day total transaction amount 2436.38; prior 14-day transaction count 51; prior 14-day fraud rate 0.000000; recent 7-day transaction-count change versus the preceding 7 days -5.
fraud_Heidenreich PLC,2020-05-12,0.8443128225539036,1,143.74379310344827,228.47,4168.57,60.0,0.016666666666666666,-2.0,Historical evidence only: prior 7-day average transaction amount 143.74; prior 7-day maximum transaction amount 228.47; prior 7-day total transaction amount 4168.57; prior 14-day transaction count 60; prior 14-day fraud rate 0.016667; recent 7-day transaction-count change versus the preceding 7 days -2.
fraud_Wolf Inc,2020-05-12,0.8433036359760819,1,122.90857142857143,313.6,3441.44,63.0,0.047619047619047616,-7.0,Historical evidence only: prior 7-day average transaction amount 122.91; prior 7-day maximum transaction amount 313.60; prior 7-day total transaction amount 3441.44; prior 14-day transaction count 63; prior 14-day fraud rate 0.047619; recent 7-day transaction-count change versus the preceding 7 days -7.
"fraud_Lockman, West and Runte",2020-06-04,0.8428157871623277,1,108.15948717948719,210.31,4218.22,78.0,0.02564102564102564,0.0,Historical evidence only: prior 7-day average transaction amount 108.16; prior 7-day maximum transaction amount 210.31; prior 7-day total transaction amount 4218.22; prior 14-day transaction count 78; prior 14-day fraud rate 0.025641; recent 7-day transaction-count change versus the preceding 7 days 0.
fraud_Cormier LLC,2020-05-13,0.8427322565387493,1,42.75340425531917,525.69,2009.4100000000008,88.0,0.011363636363636364,6.0,Historical evidence only: prior 7-day average transaction amount 42.75; prior 7-day maximum transaction amount 525.69; prior 7-day total transaction amount 2009.41; prior 14-day transaction count 88; prior 14-day fraud rate 0.011364; recent 7-day transaction-count change versus the preceding 7 days 6.
fraud_Bradtke PLC,2020-05-21,0.8426311881350198,1,133.786,234.64,3344.65,52.0,0.0,-2.0,Historical evidence only: prior 7-day average transaction amount 133.79; prior 7-day maximum transaction amount 234.64; prior 7-day total transaction amount 3344.65; prior 14-day transaction count 52; prior 14-day fraud rate 0.000000; recent 7-day transaction-count change versus the preceding 7 days -2.
"fraud_Casper, Hand and Zulauf",2020-06-08,0.8421716096681237,1,105.07146341463415,222.22,4307.93,78.0,0.02564102564102564,4.0,Historical evidence only: prior 7-day average transaction amount 105.07; prior 7-day maximum transaction amount 222.22; prior 7-day total transaction amount 4307.93; prior 14-day transaction count 78; prior 14-day fraud rate 0.025641; recent 7-day transaction-count change versus the preceding 7 days 4.
fraud_Padberg-Welch,2020-05-25,0.8420440120735523,1,111.03515151515151,217.37,3664.16,73.0,0.0,-7.0,Historical evidence only: prior 7-day average transaction amount 111.04; prior 7-day maximum transaction amount 217.37; prior 7-day total transaction amount 3664.16; prior 14-day transaction count 73; prior 14-day fraud rate 0.000000; recent 7-day transaction-count change versus the preceding 7 days -7.
"fraud_Goldner, Kovacek and Abbott",2020-05-08,0.8416962325724097,1,114.47964285714286,296.85,3205.4300000000003,59.0,0.05084745762711865,-3.0,Historical evidence only: prior 7-day average transaction amount 114.48; prior 7-day maximum transaction amount 296.85; prior 7-day total transaction amount 3205.43; prior 14-day transaction count 59; prior 14-day fraud rate 0.050847; recent 7-day transaction-count change versus the preceding 7 days -3.
"fraud_Moen, Reinger and Murphy",2020-05-03,0.8416594781741753,1,124.40119999999999,290.45,3110.0299999999997,60.0,0.016666666666666666,-10.0,Historical evidence only: prior 7-day average transaction amount 124.40; prior 7-day maximum transaction amount 290.45; prior 7-day total transaction amount 3110.03; prior 14-day transaction count 60; prior 14-day fraud rate 0.016667; recent 7-day transaction-count change versus the preceding 7 days -10.
"fraud_Goldner, Kovacek and Abbott",2020-05-23,0.8413718099268027,1,134.44041666666666,232.66,3226.5699999999997,50.0,0.0,-2.0,Historical evidence only: prior 7-day average transaction amount 134.44; prior 7-day maximum transaction amount 232.66; prior 7-day total transaction amount 3226.57; prior 14-day transaction count 50; prior 14-day fraud rate 0.000000; recent 7-day transaction-count change versus the preceding 7 days -2.
"fraud_Schumm, Bauch and Ondricka",2020-06-06,0.8409099549046826,1,135.0681818181818,287.38,4457.25,69.0,0.028985507246376812,-3.0,Historical evidence only: prior 7-day average transaction amount 135.07; prior 7-day maximum transaction amount 287.38; prior 7-day total transaction amount 4457.25; prior 14-day transaction count 69; prior 14-day fraud rate 0.028986; recent 7-day transaction-count change versus the preceding 7 days -3.
"fraud_Rowe, Batz and Goodwin",2020-05-25,0.8408756772868471,1,105.61678571428573,293.81,2957.2700000000004,60.0,0.03333333333333333,-4.0,Historical evidence only: prior 7-day average transaction amount 105.62; prior 7-day maximum transaction amount 293.81; prior 7-day total transaction amount 2957.27; prior 14-day transaction count 60; prior 14-day fraud rate 0.033333; recent 7-day transaction-count change versus the preceding 7 days -4.
fraud_Hackett-Lueilwitz,2020-05-16,0.8404420186516663,1,122.47538461538463,290.67,3184.36,57.0,0.03508771929824561,-5.0,Historical evidence only: prior 7-day average transaction amount 122.48; prior 7-day maximum transaction amount 290.67; prior 7-day total transaction amount 3184.36; prior 14-day transaction count 57; prior 14-day fraud rate 0.035088; recent 7-day transaction-count change versus the preceding 7 days -5.
fraud_Heidenreich PLC,2020-05-23,0.8404235609883771,1,120.2772222222222,215.8,2164.99,51.0,0.0,-15.0,Historical evidence only: prior 7-day average transaction amount 120.28; prior 7-day maximum transaction amount 215.80; prior 7-day total transaction amount 2164.99; prior 14-day transaction count 51; prior 14-day fraud rate 0.000000; recent 7-day transaction-count change versus the preceding 7 days -15.
fraud_Heidenreich PLC,2020-05-10,0.8403252738947979,1,151.97478260869565,270.64,3495.42,55.0,0.03636363636363636,-9.0,Historical evidence only: prior 7-day average transaction amount 151.97; prior 7-day maximum transaction amount 270.64; prior 7-day total transaction amount 3495.42; prior 14-day transaction count 55; prior 14-day fraud rate 0.036364; recent 7-day transaction-count change versus the preceding 7 days -9.
fraud_Boyer PLC,2020-05-07,0.8399200098137597,1,78.84051282051284,1168.66,3074.7800000000007,90.0,0.022222222222222223,-12.0,Historical evidence only: prior 7-day average transaction amount 78.84; prior 7-day maximum transaction amount 1168.66; prior 7-day total transaction amount 3074.78; prior 14-day transaction count 90; prior 14-day fraud rate 0.022222; recent 7-day transaction-count change versus the preceding 7 days -12.
"fraud_Rowe, Batz and Goodwin",2020-06-09,0.8397895205947419,1,124.22605263157895,231.38,4720.59,76.0,0.0,0.0,Historical evidence only: prior 7-day average transaction amount 124.23; prior 7-day maximum transaction amount 231.38; prior 7-day total transaction amount 4720.59; prior 14-day transaction count 76; prior 14-day fraud rate 0.000000; recent 7-day transaction-count change versus the preceding 7 days 0.
fraud_Cormier LLC,2020-05-24,0.8396729483598868,1,54.932037037037055,626.79,2966.330000000001,102.0,0.0196078431372549,6.0,Historical evidence only: prior 7-day average transaction amount 54.93; prior 7-day maximum transaction amount 626.79; prior 7-day total transaction amount 2966.33; prior 14-day transaction count 102; prior 14-day fraud rate 0.019608; recent 7-day transaction-count change versus the preceding 7 days 6.
"fraud_Weimann, Kuhic and Beahan",2020-06-04,0.8394920761637747,1,73.18392156862747,1490.62,3732.3800000000006,90.0,0.011111111111111112,12.0,Historical evidence only: prior 7-day average transaction amount 73.18; prior 7-day maximum transaction amount 1490.62; prior 7-day total transaction amount 3732.38; prior 14-day transaction count 90; prior 14-day fraud rate 0.011111; recent 7-day transaction-count change versus the preceding 7 days 12.
fraud_Rutherford-Mertz,2020-05-20,0.8394232710634338,1,141.4906896551724,290.71,4103.23,60.0,0.03333333333333333,-2.0,Historical evidence only: prior 7-day average transaction amount 141.49; prior 7-day maximum transaction amount 290.71; prior 7-day total transaction amount 4103.23; prior 14-day transaction count 60; prior 14-day fraud rate 0.033333; recent 7-day transaction-count change versus the preceding 7 days -2.
fraud_Sawayn PLC,2020-05-02,0.8393395174625911,1,81.57421052631577,730.18,3099.8199999999993,76.0,0.039473684210526314,0.0,Historical evidence only: prior 7-day average transaction amount 81.57; prior 7-day maximum transaction amount 730.18; prior 7-day total transaction amount 3099.82; prior 14-day transaction count 76; prior 14-day fraud rate 0.039474; recent 7-day transaction-count change versus the preceding 7 days 0.
fraud_Boyer PLC,2020-05-05,0.8392662280193561,1,78.19512820512823,1168.66,3049.610000000001,91.0,0.02197802197802198,-13.0,Historical evidence only: prior 7-day average transaction amount 78.20; prior 7-day maximum transaction amount 1168.66; prior 7-day total transaction amount 3049.61; prior 14-day transaction count 91; prior 14-day fraud rate 0.021978; recent 7-day transaction-count change versus the preceding 7 days -13.
fraud_Boyer PLC,2020-05-06,0.8392662280193561,1,78.27825000000003,1168.66,3131.130000000001,91.0,0.02197802197802198,-11.0,Historical evidence only: prior 7-day average transaction amount 78.28; prior 7-day maximum transaction amount 1168.66; prior 7-day total transaction amount 3131.13; prior 14-day transaction count 91; prior 14-day fraud rate 0.021978; recent 7-day transaction-count change versus the preceding 7 days -11.
fraud_Kilback LLC,2020-05-19,0.839204580647056,1,83.66851063829787,278.62,3932.42,107.0,0.018691588785046728,-13.0,Historical evidence only: prior 7-day average transaction amount 83.67; prior 7-day maximum transaction amount 278.62; prior 7-day total transaction amount 3932.42; prior 14-day transaction count 107; prior 14-day fraud rate 0.018692; recent 7-day transaction-count change versus the preceding 7 days -13.
fraud_Goodwin-Nitzsche,2020-05-17,0.8391869169614738,1,123.83740740740743,248.47,3343.6100000000006,62.0,0.04838709677419355,-8.0,Historical evidence only: prior 7-day average transaction amount 123.84; prior 7-day maximum transaction amount 248.47; prior 7-day total transaction amount 3343.61; prior 14-day transaction count 62; prior 14-day fraud rate 0.048387; recent 7-day transaction-count change versus the preceding 7 days -8.
"fraud_Rowe, Batz and Goodwin",2020-05-26,0.8391600780297428,1,111.45884615384615,293.81,2897.93,62.0,0.03225806451612903,-10.0,Historical evidence only: prior 7-day average transaction amount 111.46; prior 7-day maximum transaction amount 293.81; prior 7-day total transaction amount 2897.93; prior 14-day transaction count 62; prior 14-day fraud rate 0.032258; recent 7-day transaction-count change versus the preceding 7 days -10.
fraud_DuBuque LLC,2020-06-02,0.839128378641229,1,107.70208333333333,229.56,2584.85,64.0,0.0,-16.0,Historical evidence only: prior 7-day average transaction amount 107.70; prior 7-day maximum transaction amount 229.56; prior 7-day total transaction amount 2584.85; prior 14-day transaction count 64; prior 14-day fraud rate 0.000000; recent 7-day transaction-count change versus the preceding 7 days -16.
fraud_Koepp-Parker,2020-06-03,0.8389646410790387,1,113.55222222222221,328.28,4087.8799999999997,76.0,0.039473684210526314,-4.0,Historical evidence only: prior 7-day average transaction amount 113.55; prior 7-day maximum transaction amount 328.28; prior 7-day total transaction amount 4087.88; prior 14-day transaction count 76; prior 14-day fraud rate 0.039474; recent 7-day transaction-count change versus the preceding 7 days -4.
fraud_Koepp-Witting,2020-06-08,0.8389253930931927,1,116.69682926829267,312.81,4784.57,80.0,0.025,2.0,Historical evidence only: prior 7-day average transaction amount 116.70; prior 7-day maximum transaction amount 312.81; prior 7-day total transaction amount 4784.57; prior 14-day transaction count 80; prior 14-day fraud rate 0.025000; recent 7-day transaction-count change versus the preceding 7 days 2.
fraud_Heidenreich PLC,2020-06-08,0.8388314150883232,1,116.52033333333334,291.1,3495.61,79.0,0.012658227848101266,-19.0,Historical evidence only: prior 7-day average transaction amount 116.52; prior 7-day maximum transaction amount 291.10; prior 7-day total transaction amount 3495.61; prior 14-day transaction count 79; prior 14-day fraud rate 0.012658; recent 7-day transaction-count change versus the preceding 7 days -19.
fraud_Schumm PLC,2020-05-18,0.838810506233849,1,76.51169811320754,735.86,4055.12,94.0,0.02127659574468085,12.0,Historical evidence only: prior 7-day average transaction amount 76.51; prior 7-day maximum transaction amount 735.86; prior 7-day total transaction amount 4055.12; prior 14-day transaction count 94; prior 14-day fraud rate 0.021277; recent 7-day transaction-count change versus the preceding 7 days 12.
fraud_Doyle Ltd,2020-06-09,0.8388018039714601,1,120.97391304347825,330.35,5564.799999999999,87.0,0.034482758620689655,5.0,Historical evidence only: prior 7-day average transaction amount 120.97; prior 7-day maximum transaction amount 330.35; prior 7-day total transaction amount 5564.80; prior 14-day transaction count 87; prior 14-day fraud rate 0.034483; recent 7-day transaction-count change versus the preceding 7 days 5.
fraud_Schumm PLC,2020-06-04,0.8387017723367927,1,79.74479166666667,1088.48,3827.75,103.0,0.019417475728155338,-7.0,Historical evidence only: prior 7-day average transaction amount 79.74; prior 7-day maximum transaction amount 1088.48; prior 7-day total transaction amount 3827.75; prior 14-day transaction count 103; prior 14-day fraud rate 0.019417; recent 7-day transaction-count change versus the preceding 7 days -7.
fraud_Goodwin-Nitzsche,2020-06-02,0.838627778588909,1,121.35976744186047,289.01,5218.47,80.0,0.025,6.0,Historical evidence only: prior 7-day average transaction amount 121.36; prior 7-day maximum transaction amount 289.01; prior 7-day total transaction amount 5218.47; prior 14-day transaction count 80; prior 14-day fraud rate 0.025000; recent 7-day transaction-count change versus the preceding 7 days 6.
fraud_Schumm PLC,2020-05-21,0.8384836606314574,1,68.19526315789474,668.86,3887.13,97.0,0.020618556701030927,17.0,Historical evidence only: prior 7-day average transaction amount 68.20; prior 7-day maximum transaction amount 668.86; prior 7-day total transaction amount 3887.13; prior 14-day transaction count 97; prior 14-day fraud rate 0.020619; recent 7-day transaction-count change versus the preceding 7 days 17.
fraud_Barton Inc,2020-05-29,0.8384161146877508,1,135.00903225806454,300.19,4185.280000000001,62.0,0.04838709677419355,0.0,Historical evidence only: prior 7-day average transaction amount 135.01; prior 7-day maximum transaction amount 300.19; prior 7-day total transaction amount 4185.28; prior 14-day transaction count 62; prior 14-day fraud rate 0.048387; recent 7-day transaction-count change versus the preceding 7 days 0.
fraud_Boyer PLC,2020-05-26,0.8384154675001503,1,105.01235294117649,990.3,5355.630000000001,96.0,0.020833333333333332,6.0,Historical evidence only: prior 7-day average transaction amount 105.01; prior 7-day maximum transaction amount 990.30; prior 7-day total transaction amount 5355.63; prior 14-day transaction count 96; prior 14-day fraud rate 0.020833; recent 7-day transaction-count change versus the preceding 7 days 6.
"fraud_Moen, Reinger and Murphy",2020-05-25,0.8382350185944387,1,115.11842105263158,230.44,4374.5,77.0,0.025974025974025976,-1.0,Historical evidence only: prior 7-day average transaction amount 115.12; prior 7-day maximum transaction amount 230.44; prior 7-day total transaction amount 4374.50; prior 14-day transaction count 77; prior 14-day fraud rate 0.025974; recent 7-day transaction-count change versus the preceding 7 days -1.
fraud_Schumm PLC,2020-05-20,0.8382337629249118,1,70.03333333333333,668.86,3781.7999999999997,95.0,0.021052631578947368,13.0,Historical evidence only: prior 7-day average transaction amount 70.03; prior 7-day maximum transaction amount 668.86; prior 7-day total transaction amount 3781.80; prior 14-day transaction count 95; prior 14-day fraud rate 0.021053; recent 7-day transaction-count change versus the preceding 7 days 13.
fraud_Barton Inc,2020-06-12,0.8380317144811305,1,111.06846153846156,227.37,4331.670000000001,93.0,0.0,-15.0,Historical evidence only: prior 7-day average transaction amount 111.07; prior 7-day maximum transaction amount 227.37; prior 7-day total transaction amount 4331.67; prior 14-day transaction count 93; prior 14-day fraud rate 0.000000; recent 7-day transaction-count change versus the preceding 7 days -15.
fraud_Strosin-Cruickshank,2020-05-27,0.8379891861766097,1,130.44766666666666,220.01,3913.4300000000003,69.0,0.0,-9.0,Historical evidence only: prior 7-day average transaction amount 130.45; prior 7-day maximum transaction amount 220.01; prior 7-day total transaction amount 3913.43; prior 14-day transaction count 69; prior 14-day fraud rate 0.000000; recent 7-day transaction-count change versus the preceding 7 days -9.
"fraud_Schumm, Bauch and Ondricka",2020-05-22,0.8378451877329759,1,146.08906249999998,306.33,4674.849999999999,68.0,0.029411764705882353,-4.0,Historical evidence only: prior 7-day average transaction amount 146.09; prior 7-day maximum transaction amount 306.33; prior 7-day total transaction amount 4674.85; prior 14-day transaction count 68; prior 14-day fraud rate 0.029412; recent 7-day transaction-count change versus the preceding 7 days -4.
fraud_Kunze Inc,2020-05-11,0.8377453484155892,1,123.102,294.33,3693.06,68.0,0.029411764705882353,-8.0,Historical evidence only: prior 7-day average transaction amount 123.10; prior 7-day maximum transaction amount 294.33; prior 7-day total transaction amount 3693.06; prior 14-day transaction count 68; prior 14-day fraud rate 0.029412; recent 7-day transaction-count change versus the preceding 7 days -8.
fraud_Rau and Sons,2020-05-02,0.8372932064606348,1,135.82208333333332,336.51,3259.7299999999996,59.0,0.05084745762711865,-11.0,Historical evidence only: prior 7-day average transaction amount 135.82; prior 7-day maximum transaction amount 336.51; prior 7-day total transaction amount 3259.73; prior 14-day transaction count 59; prior 14-day fraud rate 0.050847; recent 7-day transaction-count change versus the preceding 7 days -11.
"fraud_Schumm, Bauch and Ondricka",2020-06-09,0.8370363176172892,1,122.58071428571427,287.38,5148.389999999999,76.0,0.02631578947368421,8.0,Historical evidence only: prior 7-day average transaction amount 122.58; prior 7-day maximum transaction amount 287.38; prior 7-day total transaction amount 5148.39; prior 14-day transaction count 76; prior 14-day fraud rate 0.026316; recent 7-day transaction-count change versus the preceding 7 days 8.
fraud_Miller-Hauck,2020-05-20,0.8370013275515689,1,108.13468750000001,222.26,3460.3100000000004,61.0,0.0,3.0,Historical evidence only: prior 7-day average transaction amount 108.13; prior 7-day maximum transaction amount 222.26; prior 7-day total transaction amount 3460.31; prior 14-day transaction count 61; prior 14-day fraud rate 0.000000; recent 7-day transaction-count change versus the preceding 7 days 3.
fraud_Murray-Smitham,2020-05-26,0.8370013275515689,1,109.32454545454546,219.81,3607.71,65.0,0.0,1.0,Historical evidence only: prior 7-day average transaction amount 109.32; prior 7-day maximum transaction amount 219.81; prior 7-day total transaction amount 3607.71; prior 14-day transaction count 65; prior 14-day fraud rate 0.000000; recent 7-day transaction-count change versus the preceding 7 days 1.
"fraud_Huel, Hammes and Witting",2020-06-10,0.8370013275515689,1,111.0578125,217.71,3553.85,61.0,0.0,3.0,Historical evidence only: prior 7-day average transaction amount 111.06; prior 7-day maximum transaction amount 217.71; prior 7-day total transaction amount 3553.85; prior 14-day transaction count 61; prior 14-day fraud rate 0.000000; recent 7-day transaction-count change versus the preceding 7 days 3.
"fraud_Moen, Reinger and Murphy",2020-05-01,0.8369444507196365,1,121.85909090909091,227.68,2680.9,64.0,0.0,-20.0,Historical evidence only: prior 7-day average transaction amount 121.86; prior 7-day maximum transaction amount 227.68; prior 7-day total transaction amount 2680.90; prior 14-day transaction count 64; prior 14-day fraud rate 0.000000; recent 7-day transaction-count change versus the preceding 7 days -20.
fraud_Goodwin-Nitzsche,2020-05-06,0.8367914014928679,1,116.37714285714286,302.24,4887.84,78.0,0.02564102564102564,6.0,Historical evidence only: prior 7-day average transaction amount 116.38; prior 7-day maximum transaction amount 302.24; prior 7-day total transaction amount 4887.84; prior 14-day transaction count 78; prior 14-day fraud rate 0.025641; recent 7-day transaction-count change versus the preceding 7 days 6.
"fraud_Swaniawski, Lowe and Robel",2020-05-11,0.8367298647004029,1,21.675217391304365,127.11,498.5300000000004,52.0,0.019230769230769232,-6.0,Historical evidence only: prior 7-day average transaction amount 21.68; prior 7-day maximum transaction amount 127.11; prior 7-day total transaction amount 498.53; prior 14-day transaction count 52; prior 14-day fraud rate 0.019231; recent 7-day transaction-count change versus the preceding 7 days -6.
fraud_Cormier LLC,2020-06-03,0.8367126482812389,1,124.11481481481484,2700.77,6702.200000000001,105.0,0.009523809523809525,3.0,Historical evidence only: prior 7-day average transaction amount 124.11; prior 7-day maximum transaction amount 2700.77; prior 7-day total transaction amount 6702.20; prior 14-day transaction count 105; prior 14-day fraud rate 0.009524; recent 7-day transaction-count change versus the preceding 7 days 3.
fraud_Padberg-Welch,2020-06-08,0.8366572711607672,1,126.46900000000001,327.0,5058.76,76.0,0.02631578947368421,4.0,Historical evidence only: prior 7-day average transaction amount 126.47; prior 7-day maximum transaction amount 327.00; prior 7-day total transaction amount 5058.76; prior 14-day transaction count 76; prior 14-day fraud rate 0.026316; recent 7-day transaction-count change versus the preceding 7 days 4.
fraud_Bauch-Raynor,2020-05-25,0.8365711481236703,1,97.45142857142858,194.88,3410.8,69.0,0.0,1.0,Historical evidence only: prior 7-day average transaction amount 97.45; prior 7-day maximum transaction amount 194.88; prior 7-day total transaction amount 3410.80; prior 14-day transaction count 69; prior 14-day fraud rate 0.000000; recent 7-day transaction-count change versus the preceding 7 days 1.
fraud_Rau and Sons,2020-05-16,0.8363265595339543,1,136.098125,225.12,2177.57,49.0,0.02040816326530612,-17.0,Historical evidence only: prior 7-day average transaction amount 136.10; prior 7-day maximum transaction amount 225.12; prior 7-day total transaction amount 2177.57; prior 14-day transaction count 49; prior 14-day fraud rate 0.020408; recent 7-day transaction-count change versus the preceding 7 days -17.
fraud_Hackett-Lueilwitz,2020-05-15,0.8362636426508991,1,118.15961538461539,290.67,3072.15,56.0,0.03571428571428571,-4.0,Historical evidence only: prior 7-day average transaction amount 118.16; prior 7-day maximum transaction amount 290.67; prior 7-day total transaction amount 3072.15; prior 14-day transaction count 56; prior 14-day fraud rate 0.035714; recent 7-day transaction-count change versus the preceding 7 days -4.
"fraud_Weimann, Kuhic and Beahan",2020-06-13,0.836023442046332,1,64.39738095238096,613.97,2704.69,95.0,0.021052631578947368,-11.0,Historical evidence only: prior 7-day average transaction amount 64.40; prior 7-day maximum transaction amount 613.97; prior 7-day total transaction amount 2704.69; prior 14-day transaction count 95; prior 14-day fraud rate 0.021053; recent 7-day transaction-count change versus the preceding 7 days -11.
fraud_Rutherford-Mertz,2020-05-22,0.8359253920386567,1,131.22814814814816,231.02,3543.1600000000003,60.0,0.03333333333333333,-6.0,Historical evidence only: prior 7-day average transaction amount 131.23; prior 7-day maximum transaction amount 231.02; prior 7-day total transaction amount 3543.16; prior 14-day transaction count 60; prior 14-day fraud rate 0.033333; recent 7-day transaction-count change versus the preceding 7 days -6.
fraud_Goodwin-Nitzsche,2020-06-14,0.8358755933783308,1,113.74125,213.42,4549.65,91.0,0.0,-11.0,Historical evidence only: prior 7-day average transaction amount 113.74; prior 7-day maximum transaction amount 213.42; prior 7-day total transaction amount 4549.65; prior 14-day transaction count 91; prior 14-day fraud rate 0.000000; recent 7-day transaction-count change versus the preceding 7 days -11.
fraud_Bradtke PLC,2020-05-18,0.8358205961462302,1,132.1696,238.66,3304.24,50.0,0.0,0.0,Historical evidence only: prior 7-day average transaction amount 132.17; prior 7-day maximum transaction amount 238.66; prior 7-day total transaction amount 3304.24; prior 14-day transaction count 50; prior 14-day fraud rate 0.000000; recent 7-day transaction-count change versus the preceding 7 days 0.
fraud_Deckow-O'Conner,2020-06-03,0.8357620439003491,1,113.88342105263158,208.63,4327.57,72.0,0.0,4.0,Historical evidence only: prior 7-day average transaction amount 113.88; prior 7-day maximum transaction amount 208.63; prior 7-day total transaction amount 4327.57; prior 14-day transaction count 72; prior 14-day fraud rate 0.000000; recent 7-day transaction-count change versus the preceding 7 days 4.
fraud_Barton Inc,2020-06-11,0.8357353418888598,1,114.52857142857144,227.37,4810.200000000001,95.0,0.0,-11.0,Historical evidence only: prior 7-day average transaction amount 114.53; prior 7-day maximum transaction amount 227.37; prior 7-day total transaction amount 4810.20; prior 14-day transaction count 95; prior 14-day fraud rate 0.000000; recent 7-day transaction-count change versus the preceding 7 days -11.
fraud_Goodwin-Nitzsche,2020-05-05,0.8354849158272484,1,125.25244444444446,302.24,5636.360000000001,79.0,0.02531645569620253,11.0,Historical evidence only: prior 7-day average transaction amount 125.25; prior 7-day maximum transaction amount 302.24; prior 7-day total transaction amount 5636.36; prior 14-day transaction count 79; prior 14-day fraud rate 0.025316; recent 7-day transaction-count change versus the preceding 7 days 11.
fraud_O'Keefe-Hudson,2020-05-14,0.835256113910192,1,134.99717948717952,329.56,5264.890000000001,61.0,0.06557377049180328,17.0,Historical evidence only: prior 7-day average transaction amount 135.00; prior 7-day maximum transaction amount 329.56; prior 7-day total transaction amount 5264.89; prior 14-day transaction count 61; prior 14-day fraud rate 0.065574; recent 7-day transaction-count change versus the preceding 7 days 17.
fraud_Goodwin-Nitzsche,2020-05-12,0.8352026114842734,1,123.43583333333335,293.11,4443.6900000000005,81.0,0.04938271604938271,-9.0,Historical evidence only: prior 7-day average transaction amount 123.44; prior 7-day maximum transaction amount 293.11; prior 7-day total transaction amount 4443.69; prior 14-day transaction count 81; prior 14-day fraud rate 0.049383; recent 7-day transaction-count change versus the preceding 7 days -9.
"fraud_Goldner, Kovacek and Abbott",2020-05-11,0.834848170136199,1,101.20666666666666,250.35,2428.96,57.0,0.05263157894736842,-9.0,Historical evidence only: prior 7-day average transaction amount 101.21; prior 7-day maximum transaction amount 250.35; prior 7-day total transaction amount 2428.96; prior 14-day transaction count 57; prior 14-day fraud rate 0.052632; recent 7-day transaction-count change versus the preceding 7 days -9.
fraud_Koepp-Witting,2020-05-29,0.8348015524599164,1,99.90499999999999,202.1,2797.3399999999997,65.0,0.0,-9.0,Historical evidence only: prior 7-day average transaction amount 99.90; prior 7-day maximum transaction amount 202.10; prior 7-day total transaction amount 2797.34; prior 14-day transaction count 65; prior 14-day fraud rate 0.000000; recent 7-day transaction-count change versus the preceding 7 days -9.
fraud_Strosin-Cruickshank,2020-05-10,0.8344959687566719,1,100.30212121212122,155.22,3309.9700000000003,60.0,0.0,6.0,Historical evidence only: prior 7-day average transaction amount 100.30; prior 7-day maximum transaction amount 155.22; prior 7-day total transaction amount 3309.97; prior 14-day transaction count 60; prior 14-day fraud rate 0.000000; recent 7-day transaction-count change versus the preceding 7 days 6.
fraud_Hudson-Ratke,2020-05-04,0.8344880839540788,1,112.54347826086956,234.54,2588.5,56.0,0.0,-10.0,Historical evidence only: prior 7-day average transaction amount 112.54; prior 7-day maximum transaction amount 234.54; prior 7-day total transaction amount 2588.50; prior 14-day transaction count 56; prior 14-day fraud rate 0.000000; recent 7-day transaction-count change versus the preceding 7 days -10.
"fraud_Lockman, West and Runte",2020-05-04,0.8344175781937002,1,120.31708333333331,220.81,2887.6099999999997,62.0,0.03225806451612903,-14.0,Historical evidence only: prior 7-day average transaction amount 120.32; prior 7-day maximum transaction amount 220.81; prior 7-day total transaction amount 2887.61; prior 14-day transaction count 62; prior 14-day fraud rate 0.032258; recent 7-day transaction-count change versus the preceding 7 days -14.
"fraud_Rowe, Batz and Goodwin",2020-05-08,0.8343063714838175,1,108.31636363636363,225.98,2382.96,51.0,0.0,-7.0,Historical evidence only: prior 7-day average transaction amount 108.32; prior 7-day maximum transaction amount 225.98; prior 7-day total transaction amount 2382.96; prior 14-day transaction count 51; prior 14-day fraud rate 0.000000; recent 7-day transaction-count change versus the preceding 7 days -7.
fraud_DuBuque LLC,2020-05-18,0.8342371664721021,1,118.11689655172414,202.81,3425.39,65.0,0.015384615384615385,-7.0,Historical evidence only: prior 7-day average transaction amount 118.12; prior 7-day maximum transaction amount 202.81; prior 7-day total transaction amount 3425.39; prior 14-day transaction count 65; prior 14-day fraud rate 0.015385; recent 7-day transaction-count change versus the preceding 7 days -7.
fraud_Hudson-Ratke,2020-06-05,0.8341340545318434,1,113.83061224489795,228.92,5577.7,70.0,0.0,28.0,Historical evidence only: prior 7-day average transaction amount 113.83; prior 7-day maximum transaction amount 228.92; prior 7-day total transaction amount 5577.70; prior 14-day transaction count 70; prior 14-day fraud rate 0.000000; recent 7-day transaction-count change versus the preceding 7 days 28.
fraud_Schumm PLC,2020-05-11,0.8339747150711747,1,142.83999999999997,1348.03,5856.439999999999,92.0,0.03260869565217391,-10.0,Historical evidence only: prior 7-day average transaction amount 142.84; prior 7-day maximum transaction amount 1348.03; prior 7-day total transaction amount 5856.44; prior 14-day transaction count 92; prior 14-day fraud rate 0.032609; recent 7-day transaction-count change versus the preceding 7 days -10.
fraud_Padberg-Welch,2020-06-11,0.8339628762434786,1,123.13574999999999,327.0,4925.429999999999,81.0,0.024691358024691357,-1.0,Historical evidence only: prior 7-day average transaction amount 123.14; prior 7-day maximum transaction amount 327.00; prior 7-day total transaction amount 4925.43; prior 14-day transaction count 81; prior 14-day fraud rate 0.024691; recent 7-day transaction-count change versus the preceding 7 days -1.
"fraud_Rowe, Batz and Goodwin",2020-05-03,0.8338704913234235,1,104.06652173913042,225.98,2393.5299999999997,52.0,0.0,-6.0,Historical evidence only: prior 7-day average transaction amount 104.07; prior 7-day maximum transaction amount 225.98; prior 7-day total transaction amount 2393.53; prior 14-day transaction count 52; prior 14-day fraud rate 0.000000; recent 7-day transaction-count change versus the preceding 7 days -6.
fraud_Padberg-Welch,2020-06-13,0.8337782189087724,1,123.65763157894736,327.0,4698.99,79.0,0.02531645569620253,-3.0,Historical evidence only: prior 7-day average transaction amount 123.66; prior 7-day maximum transaction amount 327.00; prior 7-day total transaction amount 4698.99; prior 14-day transaction count 79; prior 14-day fraud rate 0.025316; recent 7-day transaction-count change versus the preceding 7 days -3.
fraud_Bauch-Raynor,2020-06-02,0.8336726871386211,1,117.58542857142857,205.32,4115.49,78.0,0.0,-8.0,Historical evidence only: prior 7-day average transaction amount 117.59; prior 7-day maximum transaction amount 205.32; prior 7-day total transaction amount 4115.49; prior 14-day transaction count 78; prior 14-day fraud rate 0.000000; recent 7-day transaction-count change versus the preceding 7 days -8.
fraud_Schumm PLC,2020-05-22,0.8336524834953073,1,67.96265306122449,668.86,3330.1699999999996,94.0,0.02127659574468085,4.0,Historical evidence only: prior 7-day average transaction amount 67.96; prior 7-day maximum transaction amount 668.86; prior 7-day total transaction amount 3330.17; prior 14-day transaction count 94; prior 14-day fraud rate 0.021277; recent 7-day transaction-count change versus the preceding 7 days 4.
"fraud_Schultz, Simonis and Little",2020-05-03,0.8336257596430604,1,120.99065217391303,232.01,5565.57,65.0,0.0,27.0,Historical evidence only: prior 7-day average transaction amount 120.99; prior 7-day maximum transaction amount 232.01; prior 7-day total transaction amount 5565.57; prior 14-day transaction count 65; prior 14-day fraud rate 0.000000; recent 7-day transaction-count change versus the preceding 7 days 27.
fraud_Murray-Smitham,2020-06-03,0.8335031510119063,1,111.46093023255813,219.38,4792.82,79.0,0.0,7.0,Historical evidence only: prior 7-day average transaction amount 111.46; prior 7-day maximum transaction amount 219.38; prior 7-day total transaction amount 4792.82; prior 14-day transaction count 79; prior 14-day fraud rate 0.000000; recent 7-day transaction-count change versus the preceding 7 days 7.
fraud_McDermott-Weimann,2020-05-01,0.8333858391011104,1,115.39714285714285,194.14,3231.12,56.0,0.0,0.0,Historical evidence only: prior 7-day average transaction amount 115.40; prior 7-day maximum transaction amount 194.14; prior 7-day total transaction amount 3231.12; prior 14-day transaction count 56; prior 14-day fraud rate 0.000000; recent 7-day transaction-count change versus the preceding 7 days 0.
fraud_Kiehn Inc,2020-06-04,0.8332679926400812,1,118.50256410256411,319.12,4621.6,79.0,0.02531645569620253,-1.0,Historical evidence only: prior 7-day average transaction amount 118.50; prior 7-day maximum transaction amount 319.12; prior 7-day total transaction amount 4621.60; prior 14-day transaction count 79; prior 14-day fraud rate 0.025316; recent 7-day transaction-count change versus the preceding 7 days -1.
fraud_Padberg-Welch,2020-05-12,0.8329838001031303,1,103.82880000000002,180.73,2595.7200000000003,66.0,0.0,-16.0,Historical evidence only: prior 7-day average transaction amount 103.83; prior 7-day maximum transaction amount 180.73; prior 7-day total transaction amount 2595.72; prior 14-day transaction count 66; prior 14-day fraud rate 0.000000; recent 7-day transaction-count change versus the preceding 7 days -16.
"fraud_Moen, Reinger and Murphy",2020-05-24,0.8328919726994004,1,118.25939393939393,230.44,3902.56,69.0,0.028985507246376812,-3.0,Historical evidence only: prior 7-day average transaction amount 118.26; prior 7-day maximum transaction amount 230.44; prior 7-day total transaction amount 3902.56; prior 14-day transaction count 69; prior 14-day fraud rate 0.028986; recent 7-day transaction-count change versus the preceding 7 days -3.
fraud_Padberg-Welch,2020-05-13,0.8327904652710033,1,105.07057142857144,209.9,3677.4700000000003,72.0,0.0,-2.0,Historical evidence only: prior 7-day average transaction amount 105.07; prior 7-day maximum transaction amount 209.90; prior 7-day total transaction amount 3677.47; prior 14-day transaction count 72; prior 14-day fraud rate 0.000000; recent 7-day transaction-count change versus the preceding 7 days -2.
fraud_Schamberger-O'Keefe,2020-06-09,0.8327904652710033,1,110.27263157894735,232.61,4190.36,73.0,0.0,3.0,Historical evidence only: prior 7-day average transaction amount 110.27; prior 7-day maximum transaction amount 232.61; prior 7-day total transaction amount 4190.36; prior 14-day transaction count 73; prior 14-day fraud rate 0.000000; recent 7-day transaction-count change versus the preceding 7 days 3.
fraud_Vandervort-Funk,2020-05-20,0.8327811516390472,1,103.81809523809522,207.98,2180.18,52.0,0.019230769230769232,-10.0,Historical evidence only: prior 7-day average transaction amount 103.82; prior 7-day maximum transaction amount 207.98; prior 7-day total transaction amount 2180.18; prior 14-day transaction count 52; prior 14-day fraud rate 0.019231; recent 7-day transaction-count change versus the preceding 7 days -10.
fraud_Koepp-Witting,2020-05-12,0.8327106862987712,1,107.55999999999997,189.88,2796.5599999999995,54.0,0.0,-2.0,Historical evidence only: prior 7-day average transaction amount 107.56; prior 7-day maximum transaction amount 189.88; prior 7-day total transaction amount 2796.56; prior 14-day transaction count 54; prior 14-day fraud rate 0.000000; recent 7-day transaction-count change versus the preceding 7 days -2.
fraud_Boyer PLC,2020-05-22,0.8326903414605873,1,114.06634615384617,990.3,5931.450000000001,88.0,0.022727272727272728,16.0,Historical evidence only: prior 7-day average transaction amount 114.07; prior 7-day maximum transaction amount 990.30; prior 7-day total transaction amount 5931.45; prior 14-day transaction count 88; prior 14-day fraud rate 0.022727; recent 7-day transaction-count change versus the preceding 7 days 16.
fraud_Bradtke PLC,2020-06-04,0.8326398499249212,1,115.97499999999998,258.23,4407.049999999999,78.0,0.02564102564102564,-2.0,Historical evidence only: prior 7-day average transaction amount 115.97; prior 7-day maximum transaction amount 258.23; prior 7-day total transaction amount 4407.05; prior 14-day transaction count 78; prior 14-day fraud rate 0.025641; recent 7-day transaction-count change versus the preceding 7 days -2.
fraud_Barton Inc,2020-06-09,0.8326368857320404,1,111.99488372093025,232.7,4815.780000000001,92.0,0.0,-6.0,Historical evidence only: prior 7-day average transaction amount 111.99; prior 7-day maximum transaction amount 232.70; prior 7-day total transaction amount 4815.78; prior 14-day transaction count 92; prior 14-day fraud rate 0.000000; recent 7-day transaction-count change versus the preceding 7 days -6.
fraud_Goodwin-Nitzsche,2020-06-08,0.832495476802905,1,114.845,219.41,5742.25,95.0,0.010526315789473684,5.0,Historical evidence only: prior 7-day average transaction amount 114.84; prior 7-day maximum transaction amount 219.41; prior 7-day total transaction amount 5742.25; prior 14-day transaction count 95; prior 14-day fraud rate 0.010526; recent 7-day transaction-count change versus the preceding 7 days 5.
fraud_DuBuque LLC,2020-06-05,0.8324892559870352,1,114.48592592592593,229.56,3091.12,71.0,0.0,-17.0,Historical evidence only: prior 7-day average transaction amount 114.49; prior 7-day maximum transaction amount 229.56; prior 7-day total transaction amount 3091.12; prior 14-day transaction count 71; prior 14-day fraud rate 0.000000; recent 7-day transaction-count change versus the preceding 7 days -17.
fraud_Cormier LLC,2020-05-22,0.8324682328668589,1,55.716363636363646,626.79,3064.4000000000005,102.0,0.0196078431372549,8.0,Historical evidence only: prior 7-day average transaction amount 55.72; prior 7-day maximum transaction amount 626.79; prior 7-day total transaction amount 3064.40; prior 14-day transaction count 102; prior 14-day fraud rate 0.019608; recent 7-day transaction-count change versus the preceding 7 days 8.
"fraud_Rowe, Batz and Goodwin",2020-05-04,0.8323581273560021,1,108.89041666666667,225.98,2613.37,50.0,0.0,-2.0,Historical evidence only: prior 7-day average transaction amount 108.89; prior 7-day maximum transaction amount 225.98; prior 7-day total transaction amount 2613.37; prior 14-day transaction count 50; prior 14-day fraud rate 0.000000; recent 7-day transaction-count change versus the preceding 7 days -2.
fraud_Bailey-Morar,2020-05-23,0.8323437772788315,1,124.60583333333334,306.59,2990.54,56.0,0.03571428571428571,-8.0,Historical evidence only: prior 7-day average transaction amount 124.61; prior 7-day maximum transaction amount 306.59; prior 7-day total transaction amount 2990.54; prior 14-day transaction count 56; prior 14-day fraud rate 0.035714; recent 7-day transaction-count change versus the preceding 7 days -8.
fraud_Padberg-Welch,2020-06-14,0.8323084827532117,1,116.26624999999999,327.0,4650.65,78.0,0.02564102564102564,2.0,Historical evidence only: prior 7-day average transaction amount 116.27; prior 7-day maximum transaction amount 327.00; prior 7-day total transaction amount 4650.65; prior 14-day transaction count 78; prior 14-day fraud rate 0.025641; recent 7-day transaction-count change versus the preceding 7 days 2.
fraud_Kiehn Inc,2020-06-05,0.8322876116826953,1,118.02333333333333,319.12,4602.91,78.0,0.02564102564102564,0.0,Historical evidence only: prior 7-day average transaction amount 118.02; prior 7-day maximum transaction amount 319.12; prior 7-day total transaction amount 4602.91; prior 14-day transaction count 78; prior 14-day fraud rate 0.025641; recent 7-day transaction-count change versus the preceding 7 days 0.
"fraud_Heathcote, Yost and Kertzmann",2020-06-04,0.8322065109245552,1,109.47761904761902,709.06,2299.0299999999993,45.0,0.06666666666666667,-3.0,Historical evidence only: prior 7-day average transaction amount 109.48; prior 7-day maximum transaction amount 709.06; prior 7-day total transaction amount 2299.03; prior 14-day transaction count 45; prior 14-day fraud rate 0.066667; recent 7-day transaction-count change versus the preceding 7 days -3.
fraud_Rutherford-Mertz,2020-06-09,0.8321095651463774,1,98.53366666666666,191.92,2956.0099999999998,69.0,0.0,-9.0,Historical evidence only: prior 7-day average transaction amount 98.53; prior 7-day maximum transaction amount 191.92; prior 7-day total transaction amount 2956.01; prior 14-day transaction count 69; prior 14-day fraud rate 0.000000; recent 7-day transaction-count change versus the preceding 7 days -9.
fraud_Cole PLC,2020-05-25,0.8320346489597772,1,103.95565217391304,217.61,2390.98,50.0,0.0,-4.0,Historical evidence only: prior 7-day average transaction amount 103.96; prior 7-day maximum transaction amount 217.61; prior 7-day total transaction amount 2390.98; prior 14-day transaction count 50; prior 14-day fraud rate 0.000000; recent 7-day transaction-count change versus the preceding 7 days -4.
"fraud_Osinski, Ledner and Leuschke",2020-05-01,0.8320276742092927,1,120.4695,212.5,2409.39,52.0,0.019230769230769232,-12.0,Historical evidence only: prior 7-day average transaction amount 120.47; prior 7-day maximum transaction amount 212.50; prior 7-day total transaction amount 2409.39; prior 14-day transaction count 52; prior 14-day fraud rate 0.019231; recent 7-day transaction-count change versus the preceding 7 days -12.
fraud_Kuhic Inc,2020-05-12,0.8320276742092927,1,110.54043478260868,224.66,2542.43,54.0,0.018518518518518517,-8.0,Historical evidence only: prior 7-day average transaction amount 110.54; prior 7-day maximum transaction amount 224.66; prior 7-day total transaction amount 2542.43; prior 14-day transaction count 54; prior 14-day fraud rate 0.018519; recent 7-day transaction-count change versus the preceding 7 days -8.
"fraud_Goldner, Kovacek and Abbott",2020-05-15,0.8320276742092927,1,105.03391304347826,214.82,2415.78,51.0,0.0196078431372549,-5.0,Historical evidence only: prior 7-day average transaction amount 105.03; prior 7-day maximum transaction amount 214.82; prior 7-day total transaction amount 2415.78; prior 14-day transaction count 51; prior 14-day fraud rate 0.019608; recent 7-day transaction-count change versus the preceding 7 days -5.
fraud_Vandervort-Funk,2020-05-22,0.8320276742092927,1,113.72652173913043,207.98,2615.71,56.0,0.017857142857142856,-10.0,Historical evidence only: prior 7-day average transaction amount 113.73; prior 7-day maximum transaction amount 207.98; prior 7-day total transaction amount 2615.71; prior 14-day transaction count 56; prior 14-day fraud rate 0.017857; recent 7-day transaction-count change versus the preceding 7 days -10.
"fraud_Bernhard, Grant and Langworth",2020-05-29,0.8320196067349661,1,135.01679999999996,1010.03,3375.419999999999,44.0,0.045454545454545456,6.0,Historical evidence only: prior 7-day average transaction amount 135.02; prior 7-day maximum transaction amount 1010.03; prior 7-day total transaction amount 3375.42; prior 14-day transaction count 44; prior 14-day fraud rate 0.045455; recent 7-day transaction-count change versus the preceding 7 days 6.
fraud_Schumm PLC,2020-05-25,0.8319961798905091,1,74.96489795918366,992.74,3673.2799999999993,102.0,0.00980392156862745,-4.0,Historical evidence only: prior 7-day average transaction amount 74.96; prior 7-day maximum transaction amount 992.74; prior 7-day total transaction amount 3673.28; prior 14-day transaction count 102; prior 14-day fraud rate 0.009804; recent 7-day transaction-count change versus the preceding 7 days -4.
"fraud_Goldner, Kovacek and Abbott",2020-05-22,0.8319868706686261,1,133.0953846153846,226.01,3460.4799999999996,49.0,0.0,3.0,Historical evidence only: prior 7-day average transaction amount 133.10; prior 7-day maximum transaction amount 226.01; prior 7-day total transaction amount 3460.48; prior 14-day transaction count 49; prior 14-day fraud rate 0.000000; recent 7-day transaction-count change versus the preceding 7 days 3.
fraud_Vandervort-Funk,2020-05-23,0.831973727892652,1,122.60833333333333,309.75,2942.6,54.0,0.037037037037037035,-6.0,Historical evidence only: prior 7-day average transaction amount 122.61; prior 7-day maximum transaction amount 309.75; prior 7-day total transaction amount 2942.60; prior 14-day transaction count 54; prior 14-day fraud rate 0.037037; recent 7-day transaction-count change versus the preceding 7 days -6.
fraud_Wolf Inc,2020-05-25,0.8319098275316082,1,127.99961538461538,306.33,3327.99,64.0,0.03125,-12.0,Historical evidence only: prior 7-day average transaction amount 128.00; prior 7-day maximum transaction amount 306.33; prior 7-day total transaction amount 3327.99; prior 14-day transaction count 64; prior 14-day fraud rate 0.031250; recent 7-day transaction-count change versus the preceding 7 days -12.
"fraud_Mosciski, Gislason and Mertz",2020-05-11,0.8318640141231769,1,131.08374999999998,315.09,3146.0099999999998,51.0,0.0392156862745098,-3.0,Historical evidence only: prior 7-day average transaction amount 131.08; prior 7-day maximum transaction amount 315.09; prior 7-day total transaction amount 3146.01; prior 14-day transaction count 51; prior 14-day fraud rate 0.039216; recent 7-day transaction-count change versus the preceding 7 days -3.
fraud_Bailey-Morar,2020-05-03,0.8317962774236725,1,111.65360000000001,220.19,2791.34,54.0,0.0,-4.0,Historical evidence only: prior 7-day average transaction amount 111.65; prior 7-day maximum transaction amount 220.19; prior 7-day total transaction amount 2791.34; prior 14-day transaction count 54; prior 14-day fraud rate 0.000000; recent 7-day transaction-count change versus the preceding 7 days -4.
fraud_Schmidt and Sons,2020-05-12,0.8317876712552215,1,143.3641666666667,1125.43,3440.740000000001,53.0,0.05660377358490566,-5.0,Historical evidence only: prior 7-day average transaction amount 143.36; prior 7-day maximum transaction amount 1125.43; prior 7-day total transaction amount 3440.74; prior 14-day transaction count 53; prior 14-day fraud rate 0.056604; recent 7-day transaction-count change versus the preceding 7 days -5.
fraud_Schmidt and Sons,2020-05-13,0.8317876712552215,1,157.28045454545457,1125.43,3460.1700000000005,50.0,0.06,-6.0,Historical evidence only: prior 7-day average transaction amount 157.28; prior 7-day maximum transaction amount 1125.43; prior 7-day total transaction amount 3460.17; prior 14-day transaction count 50; prior 14-day fraud rate 0.060000; recent 7-day transaction-count change versus the preceding 7 days -6.
fraud_Schumm PLC,2020-05-14,0.8317634222550286,1,165.27299999999997,1348.03,6610.919999999999,90.0,0.022222222222222223,-10.0,Historical evidence only: prior 7-day average transaction amount 165.27; prior 7-day maximum transaction amount 1348.03; prior 7-day total transaction amount 6610.92; prior 14-day transaction count 90; prior 14-day fraud rate 0.022222; recent 7-day transaction-count change versus the preceding 7 days -10.
fraud_Koepp-Witting,2020-05-19,0.8316796511753558,1,105.14919999999998,230.55,2628.7299999999996,51.0,0.0,-1.0,Historical evidence only: prior 7-day average transaction amount 105.15; prior 7-day maximum transaction amount 230.55; prior 7-day total transaction amount 2628.73; prior 14-day transaction count 51; prior 14-day fraud rate 0.000000; recent 7-day transaction-count change versus the preceding 7 days -1.
"fraud_Casper, Hand and Zulauf",2020-05-20,0.8316796511753558,1,108.34208333333333,229.8,2600.21,50.0,0.0,-2.0,Historical evidence only: prior 7-day average transaction amount 108.34; prior 7-day maximum transaction amount 229.80; prior 7-day total transaction amount 2600.21; prior 14-day transaction count 50; prior 14-day fraud rate 0.000000; recent 7-day transaction-count change versus the preceding 7 days -2.
fraud_Kutch and Sons,2020-06-09,0.8316198919472488,1,109.18874999999998,201.67,4367.549999999999,77.0,0.012987012987012988,3.0,Historical evidence only: prior 7-day average transaction amount 109.19; prior 7-day maximum transaction amount 201.67; prior 7-day total transaction amount 4367.55; prior 14-day transaction count 77; prior 14-day fraud rate 0.012987; recent 7-day transaction-count change versus the preceding 7 days 3.
fraud_Rau and Sons,2020-06-11,0.8313951958699971,1,116.23024390243904,214.71,4765.4400000000005,91.0,0.0,-9.0,Historical evidence only: prior 7-day average transaction amount 116.23; prior 7-day maximum transaction amount 214.71; prior 7-day total transaction amount 4765.44; prior 14-day transaction count 91; prior 14-day fraud rate 0.000000; recent 7-day transaction-count change versus the preceding 7 days -9.
fraud_Vandervort-Funk,2020-05-10,0.8313481316101169,1,109.76875000000001,227.1,2634.4500000000003,54.0,0.018518518518518517,-6.0,Historical evidence only: prior 7-day average transaction amount 109.77; prior 7-day maximum transaction amount 227.10; prior 7-day total transaction amount 2634.45; prior 14-day transaction count 54; prior 14-day fraud rate 0.018519; recent 7-day transaction-count change versus the preceding 7 days -6.
fraud_Vandervort-Funk,2020-05-11,0.8313481316101169,1,120.932,228.72,3023.3,55.0,0.01818181818181818,-5.0,Historical evidence only: prior 7-day average transaction amount 120.93; prior 7-day maximum transaction amount 228.72; prior 7-day total transaction amount 3023.30; prior 14-day transaction count 55; prior 14-day fraud rate 0.018182; recent 7-day transaction-count change versus the preceding 7 days -5.
fraud_Bradtke PLC,2020-05-20,0.8312971776780109,1,135.35625,234.64,3248.5499999999997,55.0,0.0,-7.0,Historical evidence only: prior 7-day average transaction amount 135.36; prior 7-day maximum transaction amount 234.64; prior 7-day total transaction amount 3248.55; prior 14-day transaction count 55; prior 14-day fraud rate 0.000000; recent 7-day transaction-count change versus the preceding 7 days -7.
fraud_Koepp-Witting,2020-05-28,0.831156322001049,1,105.13499999999999,202.1,2523.24,61.0,0.0,-13.0,Historical evidence only: prior 7-day average transaction amount 105.13; prior 7-day maximum transaction amount 202.10; prior 7-day total transaction amount 2523.24; prior 14-day transaction count 61; prior 14-day fraud rate 0.000000; recent 7-day transaction-count change versus the preceding 7 days -13.
fraud_Barton Inc,2020-05-27,0.8311539612241094,1,127.00818181818182,300.19,4191.27,56.0,0.05357142857142857,10.0,Historical evidence only: prior 7-day average transaction amount 127.01; prior 7-day maximum transaction amount 300.19; prior 7-day total transaction amount 4191.27; prior 14-day transaction count 56; prior 14-day fraud rate 0.053571; recent 7-day transaction-count change versus the preceding 7 days 10.
"fraud_Mosciski, Gislason and Mertz",2020-05-13,0.8311485265895636,1,139.28875,315.09,3342.93,49.0,0.04081632653061224,-1.0,Historical evidence only: prior 7-day average transaction amount 139.29; prior 7-day maximum transaction amount 315.09; prior 7-day total transaction amount 3342.93; prior 14-day transaction count 49; prior 14-day fraud rate 0.040816; recent 7-day transaction-count change versus the preceding 7 days -1.
fraud_Price Inc,2020-05-11,0.8311425651411537,1,152.02349999999998,1147.75,3040.47,44.0,0.06818181818181818,-4.0,Historical evidence only: prior 7-day average transaction amount 152.02; prior 7-day maximum transaction amount 1147.75; prior 7-day total transaction amount 3040.47; prior 14-day transaction count 44; prior 14-day fraud rate 0.068182; recent 7-day transaction-count change versus the preceding 7 days -4.
fraud_Kiehn Inc,2020-05-19,0.8310607073034778,1,101.24433333333333,150.81,3037.33,56.0,0.0,4.0,Historical evidence only: prior 7-day average transaction amount 101.24; prior 7-day maximum transaction amount 150.81; prior 7-day total transaction amount 3037.33; prior 14-day transaction count 56; prior 14-day fraud rate 0.000000; recent 7-day transaction-count change versus the preceding 7 days 4.
"fraud_Rowe, Batz and Goodwin",2020-05-27,0.8310174296642487,1,114.42655172413792,293.81,3318.37,63.0,0.015873015873015872,-5.0,Historical evidence only: prior 7-day average transaction amount 114.43; prior 7-day maximum transaction amount 293.81; prior 7-day total transaction amount 3318.37; prior 14-day transaction count 63; prior 14-day fraud rate 0.015873; recent 7-day transaction-count change versus the preceding 7 days -5.
fraud_Kilback LLC,2020-06-01,0.8309306529413475,1,92.7015873015873,320.85,5840.2,114.0,0.008771929824561403,12.0,Historical evidence only: prior 7-day average transaction amount 92.70; prior 7-day maximum transaction amount 320.85; prior 7-day total transaction amount 5840.20; prior 14-day transaction count 114; prior 14-day fraud rate 0.008772; recent 7-day transaction-count change versus the preceding 7 days 12.
fraud_DuBuque LLC,2020-05-14,0.8308812428692564,1,122.94678571428572,293.48,3442.51,64.0,0.015625,-8.0,Historical evidence only: prior 7-day average transaction amount 122.95; prior 7-day maximum transaction amount 293.48; prior 7-day total transaction amount 3442.51; prior 14-day transaction count 64; prior 14-day fraud rate 0.015625; recent 7-day transaction-count change versus the preceding 7 days -8.
fraud_DuBuque LLC,2020-05-16,0.8308812428692564,1,120.05444444444446,293.48,3241.4700000000003,62.0,0.016129032258064516,-8.0,Historical evidence only: prior 7-day average transaction amount 120.05; prior 7-day maximum transaction amount 293.48; prior 7-day total transaction amount 3241.47; prior 14-day transaction count 62; prior 14-day fraud rate 0.016129; recent 7-day transaction-count change versus the preceding 7 days -8.
fraud_Heidenreich PLC,2020-05-30,0.8308498083684881,1,108.2784,217.97,5413.92,68.0,0.0,32.0,Historical evidence only: prior 7-day average transaction amount 108.28; prior 7-day maximum transaction amount 217.97; prior 7-day total transaction amount 5413.92; prior 14-day transaction count 68; prior 14-day fraud rate 0.000000; recent 7-day transaction-count change versus the preceding 7 days 32.
fraud_Goodwin-Nitzsche,2020-06-03,0.8308391000401975,1,128.12744680851065,289.01,6021.990000000001,79.0,0.02531645569620253,15.0,Historical evidence only: prior 7-day average transaction amount 128.13; prior 7-day maximum transaction amount 289.01; prior 7-day total transaction amount 6021.99; prior 14-day transaction count 79; prior 14-day fraud rate 0.025316; recent 7-day transaction-count change versus the preceding 7 days 15.
fraud_Bogisich Inc,2020-05-16,0.8307138366105501,1,102.93959999999998,202.09,2573.49,58.0,0.0,-8.0,Historical evidence only: prior 7-day average transaction amount 102.94; prior 7-day maximum transaction amount 202.09; prior 7-day total transaction amount 2573.49; prior 14-day transaction count 58; prior 14-day fraud rate 0.000000; recent 7-day transaction-count change versus the preceding 7 days -8.
fraud_Doyle Ltd,2020-06-07,0.8306883621993549,1,132.21304347826086,330.35,6081.799999999999,82.0,0.036585365853658534,10.0,Historical evidence only: prior 7-day average transaction amount 132.21; prior 7-day maximum transaction amount 330.35; prior 7-day total transaction amount 6081.80; prior 14-day transaction count 82; prior 14-day fraud rate 0.036585; recent 7-day transaction-count change versus the preceding 7 days 10.
"fraud_Lockman, West and Runte",2020-06-03,0.8306309912276496,1,105.29578947368421,210.31,4001.24,77.0,0.025974025974025976,-1.0,Historical evidence only: prior 7-day average transaction amount 105.30; prior 7-day maximum transaction amount 210.31; prior 7-day total transaction amount 4001.24; prior 14-day transaction count 77; prior 14-day fraud rate 0.025974; recent 7-day transaction-count change versus the preceding 7 days -1.
fraud_Padberg-Welch,2020-06-10,0.8305959954473483,1,130.594,327.0,5223.76,78.0,0.02564102564102564,2.0,Historical evidence only: prior 7-day average transaction amount 130.59; prior 7-day maximum transaction amount 327.00; prior 7-day total transaction amount 5223.76; prior 14-day transaction count 78; prior 14-day fraud rate 0.025641; recent 7-day transaction-count change versus the preceding 7 days 2.
fraud_Barton Inc,2020-05-24,0.8302970619922299,1,131.91545454545457,349.18,4353.210000000001,55.0,0.05454545454545454,11.0,Historical evidence only: prior 7-day average transaction amount 131.92; prior 7-day maximum transaction amount 349.18; prior 7-day total transaction amount 4353.21; prior 14-day transaction count 55; prior 14-day fraud rate 0.054545; recent 7-day transaction-count change versus the preceding 7 days 11.
"fraud_Mosciski, Gislason and Mertz",2020-05-09,0.8301881916798434,1,111.29521739130435,214.2,2559.79,55.0,0.01818181818181818,-9.0,Historical evidence only: prior 7-day average transaction amount 111.30; prior 7-day maximum transaction amount 214.20; prior 7-day total transaction amount 2559.79; prior 14-day transaction count 55; prior 14-day fraud rate 0.018182; recent 7-day transaction-count change versus the preceding 7 days -9.
"fraud_Mosciski, Gislason and Mertz",2020-05-08,0.8301383269016138,1,112.8908,214.2,2822.27,60.0,0.016666666666666666,-10.0,Historical evidence only: prior 7-day average transaction amount 112.89; prior 7-day maximum transaction amount 214.20; prior 7-day total transaction amount 2822.27; prior 14-day transaction count 60; prior 14-day fraud rate 0.016667; recent 7-day transaction-count change versus the preceding 7 days -10.
fraud_Rutherford-Mertz,2020-05-25,0.8301383269016138,1,119.24304347826087,231.02,2742.59,59.0,0.01694915254237288,-13.0,Historical evidence only: prior 7-day average transaction amount 119.24; prior 7-day maximum transaction amount 231.02; prior 7-day total transaction amount 2742.59; prior 14-day transaction count 59; prior 14-day fraud rate 0.016949; recent 7-day transaction-count change versus the preceding 7 days -13.
fraud_Auer-Mosciski,2020-05-15,0.8300580944728735,1,104.96416666666669,221.08,2519.1400000000003,51.0,0.0196078431372549,-3.0,Historical evidence only: prior 7-day average transaction amount 104.96; prior 7-day maximum transaction amount 221.08; prior 7-day total transaction amount 2519.14; prior 14-day transaction count 51; prior 14-day fraud rate 0.019608; recent 7-day transaction-count change versus the preceding 7 days -3.
fraud_Kuhn LLC,2020-06-06,0.830047513883293,1,63.44740000000002,810.62,3172.3700000000013,102.0,0.0196078431372549,-2.0,Historical evidence only: prior 7-day average transaction amount 63.45; prior 7-day maximum transaction amount 810.62; prior 7-day total transaction amount 3172.37; prior 14-day transaction count 102; prior 14-day fraud rate 0.019608; recent 7-day transaction-count change versus the preceding 7 days -2.
fraud_Barton Inc,2020-06-04,0.8300044505217818,1,108.24415094339624,232.7,5736.9400000000005,85.0,0.011764705882352941,21.0,Historical evidence only: prior 7-day average transaction amount 108.24; prior 7-day maximum transaction amount 232.70; prior 7-day total transaction amount 5736.94; prior 14-day transaction count 85; prior 14-day fraud rate 0.011765; recent 7-day transaction-count change versus the preceding 7 days 21.
fraud_Barton Inc,2020-06-05,0.8300044505217818,1,108.92055555555557,232.7,5881.710000000001,85.0,0.011764705882352941,23.0,Historical evidence only: prior 7-day average transaction amount 108.92; prior 7-day maximum transaction amount 232.70; prior 7-day total transaction amount 5881.71; prior 14-day transaction count 85; prior 14-day fraud rate 0.011765; recent 7-day transaction-count change versus the preceding 7 days 23.
fraud_Kunze Inc,2020-05-17,0.8299462535559877,1,119.28035714285714,320.99,3339.85,56.0,0.05357142857142857,0.0,Historical evidence only: prior 7-day average transaction amount 119.28; prior 7-day maximum transaction amount 320.99; prior 7-day total transaction amount 3339.85; prior 14-day transaction count 56; prior 14-day fraud rate 0.053571; recent 7-day transaction-count change versus the preceding 7 days 0.
fraud_Kiehn-Emmerich,2020-06-08,0.8299332088979323,1,106.00846153846153,199.67,2756.22,70.0,0.0,-18.0,Historical evidence only: prior 7-day average transaction amount 106.01; prior 7-day maximum transaction amount 199.67; prior 7-day total transaction amount 2756.22; prior 14-day transaction count 70; prior 14-day fraud rate 0.000000; recent 7-day transaction-count change versus the preceding 7 days -18.
"fraud_Schumm, Bauch and Ondricka",2020-05-21,0.8298574227538731,1,138.43,288.3,4706.62,71.0,0.028169014084507043,-3.0,Historical evidence only: prior 7-day average transaction amount 138.43; prior 7-day maximum transaction amount 288.30; prior 7-day total transaction amount 4706.62; prior 14-day transaction count 71; prior 14-day fraud rate 0.028169; recent 7-day transaction-count change versus the preceding 7 days -3.
"fraud_Schumm, Bauch and Ondricka",2020-05-08,0.8298556569287343,1,119.29024390243902,293.71,4890.9,76.0,0.02631578947368421,6.0,Historical evidence only: prior 7-day average transaction amount 119.29; prior 7-day maximum transaction amount 293.71; prior 7-day total transaction amount 4890.90; prior 14-day transaction count 76; prior 14-day fraud rate 0.026316; recent 7-day transaction-count change versus the preceding 7 days 6.
fraud_Bailey-Morar,2020-05-01,0.8297918591294626,1,122.64349999999999,220.19,2452.87,52.0,0.0,-12.0,Historical evidence only: prior 7-day average transaction amount 122.64; prior 7-day maximum transaction amount 220.19; prior 7-day total transaction amount 2452.87; prior 14-day transaction count 52; prior 14-day fraud rate 0.000000; recent 7-day transaction-count change versus the preceding 7 days -12.
fraud_Bailey-Morar,2020-05-02,0.8297918591294626,1,117.05666666666667,220.19,2458.19,53.0,0.0,-11.0,Historical evidence only: prior 7-day average transaction amount 117.06; prior 7-day maximum transaction amount 220.19; prior 7-day total transaction amount 2458.19; prior 14-day transaction count 53; prior 14-day fraud rate 0.000000; recent 7-day transaction-count change versus the preceding 7 days -11.
fraud_Koepp-Parker,2020-05-09,0.8297918591294626,1,122.51880000000001,215.75,3062.9700000000003,55.0,0.0,-5.0,Historical evidence only: prior 7-day average transaction amount 122.52; prior 7-day maximum transaction amount 215.75; prior 7-day total transaction amount 3062.97; prior 14-day transaction count 55; prior 14-day fraud rate 0.000000; recent 7-day transaction-count change versus the preceding 7 days -5.
fraud_Heidenreich PLC,2020-05-20,0.8297918591294626,1,122.17521739130434,215.8,2810.0299999999997,55.0,0.0,-9.0,Historical evidence only: prior 7-day average transaction amount 122.18; prior 7-day maximum transaction amount 215.80; prior 7-day total transaction amount 2810.03; prior 14-day transaction count 55; prior 14-day fraud rate 0.000000; recent 7-day transaction-count change versus the preceding 7 days -9.
fraud_Rau and Sons,2020-06-14,0.8297837708126464,1,116.50999999999999,288.6,4310.87,88.0,0.0,-14.0,Historical evidence only: prior 7-day average transaction amount 116.51; prior 7-day maximum transaction amount 288.60; prior 7-day total transaction amount 4310.87; prior 14-day transaction count 88; prior 14-day fraud rate 0.000000; recent 7-day transaction-count change versus the preceding 7 days -14.
"fraud_Casper, Hand and Zulauf",2020-05-03,0.8296326755210104,1,125.6171875,225.17,4019.75,49.0,0.02040816326530612,15.0,Historical evidence only: prior 7-day average transaction amount 125.62; prior 7-day maximum transaction amount 225.17; prior 7-day total transaction amount 4019.75; prior 14-day transaction count 49; prior 14-day fraud rate 0.020408; recent 7-day transaction-count change versus the preceding 7 days 15.
fraud_Hackett-Lueilwitz,2020-05-17,0.8296172603692287,1,119.23153846153846,290.67,3100.02,54.0,0.037037037037037035,-2.0,Historical evidence only: prior 7-day average transaction amount 119.23; prior 7-day maximum transaction amount 290.67; prior 7-day total transaction amount 3100.02; prior 14-day transaction count 54; prior 14-day fraud rate 0.037037; recent 7-day transaction-count change versus the preceding 7 days -2.
fraud_Kunze Inc,2020-05-08,0.8295899644069922,1,127.04,294.33,3048.96,67.0,0.04477611940298507,-19.0,Historical evidence only: prior 7-day average transaction amount 127.04; prior 7-day maximum transaction amount 294.33; prior 7-day total transaction amount 3048.96; prior 14-day transaction count 67; prior 14-day fraud rate 0.044776; recent 7-day transaction-count change versus the preceding 7 days -19.
fraud_Rau and Sons,2020-06-09,0.8295815380434783,1,113.2546511627907,214.71,4869.95,88.0,0.0,-2.0,Historical evidence only: prior 7-day average transaction amount 113.25; prior 7-day maximum transaction amount 214.71; prior 7-day total transaction amount 4869.95; prior 14-day transaction count 88; prior 14-day fraud rate 0.000000; recent 7-day transaction-count change versus the preceding 7 days -2.
fraud_Cartwright-Harris,2020-05-15,0.8295166424689145,1,130.9717857142857,289.46,3667.2099999999996,63.0,0.015873015873015872,-7.0,Historical evidence only: prior 7-day average transaction amount 130.97; prior 7-day maximum transaction amount 289.46; prior 7-day total transaction amount 3667.21; prior 14-day transaction count 63; prior 14-day fraud rate 0.015873; recent 7-day transaction-count change versus the preceding 7 days -7.
"fraud_Mosciski, Gislason and Mertz",2020-05-25,0.8295153251246623,1,127.0865625,235.93,4066.77,58.0,0.017241379310344827,6.0,Historical evidence only: prior 7-day average transaction amount 127.09; prior 7-day maximum transaction amount 235.93; prior 7-day total transaction amount 4066.77; prior 14-day transaction count 58; prior 14-day fraud rate 0.017241; recent 7-day transaction-count change versus the preceding 7 days 6.
fraud_Rutherford-Mertz,2020-05-24,0.829452707572342,1,117.35000000000001,231.02,2816.4,60.0,0.016666666666666666,-12.0,Historical evidence only: prior 7-day average transaction amount 117.35; prior 7-day maximum transaction amount 231.02; prior 7-day total transaction amount 2816.40; prior 14-day transaction count 60; prior 14-day fraud rate 0.016667; recent 7-day transaction-count change versus the preceding 7 days -12.
"fraud_Kuhic, Bins and Pfeffer",2020-05-21,0.8293915441815476,1,145.28519999999992,1276.77,3632.1299999999983,53.0,0.05660377358490566,-3.0,Historical evidence only: prior 7-day average transaction amount 145.29; prior 7-day maximum transaction amount 1276.77; prior 7-day total transaction amount 3632.13; prior 14-day transaction count 53; prior 14-day fraud rate 0.056604; recent 7-day transaction-count change versus the preceding 7 days -3.
fraud_Auer-Mosciski,2020-05-03,0.8293522365799129,1,106.2708,207.8,2656.77,59.0,0.0,-9.0,Historical evidence only: prior 7-day average transaction amount 106.27; prior 7-day maximum transaction amount 207.80; prior 7-day total transaction amount 2656.77; prior 14-day transaction count 59; prior 14-day fraud rate 0.000000; recent 7-day transaction-count change versus the preceding 7 days -9.
fraud_McDermott-Weimann,2020-05-14,0.8293522365799129,1,104.6532,223.83,2616.33,58.0,0.0,-8.0,Historical evidence only: prior 7-day average transaction amount 104.65; prior 7-day maximum transaction amount 223.83; prior 7-day total transaction amount 2616.33; prior 14-day transaction count 58; prior 14-day fraud rate 0.000000; recent 7-day transaction-count change versus the preceding 7 days -8.
fraud_Bogisich Inc,2020-05-11,0.8293092548019352,1,110.1568,201.21,2753.92,61.0,0.0,-11.0,Historical evidence only: prior 7-day average transaction amount 110.16; prior 7-day maximum transaction amount 201.21; prior 7-day total transaction amount 2753.92; prior 14-day transaction count 61; prior 14-day fraud rate 0.000000; recent 7-day transaction-count change versus the preceding 7 days -11.
fraud_Schumm PLC,2020-05-16,0.8293024938857726,1,140.6668,1348.03,7033.339999999999,100.0,0.02,0.0,Historical evidence only: prior 7-day average transaction amount 140.67; prior 7-day maximum transaction amount 1348.03; prior 7-day total transaction amount 7033.34; prior 14-day transaction count 100; prior 14-day fraud rate 0.020000; recent 7-day transaction-count change versus the preceding 7 days 0.
fraud_Stracke-Lemke,2020-06-11,0.8292502626671724,1,128.0096153846154,237.46,3328.25,67.0,0.0,-15.0,Historical evidence only: prior 7-day average transaction amount 128.01; prior 7-day maximum transaction amount 237.46; prior 7-day total transaction amount 3328.25; prior 14-day transaction count 67; prior 14-day fraud rate 0.000000; recent 7-day transaction-count change versus the preceding 7 days -15.
fraud_Bauch-Raynor,2020-06-11,0.8291985782747889,1,129.4302564102564,296.06,5047.78,81.0,0.024691358024691357,-3.0,Historical evidence only: prior 7-day average transaction amount 129.43; prior 7-day maximum transaction amount 296.06; prior 7-day total transaction amount 5047.78; prior 14-day transaction count 81; prior 14-day fraud rate 0.024691; recent 7-day transaction-count change versus the preceding 7 days -3.
fraud_Barton Inc,2020-06-03,0.8291812694485834,1,107.5773076923077,223.39,5594.02,85.0,0.011764705882352941,19.0,Historical evidence only: prior 7-day average transaction amount 107.58; prior 7-day maximum transaction amount 223.39; prior 7-day total transaction amount 5594.02; prior 14-day transaction count 85; prior 14-day fraud rate 0.011765; recent 7-day transaction-count change versus the preceding 7 days 19.
fraud_Goodwin-Nitzsche,2020-05-29,0.8291503386994297,1,117.65628571428572,289.01,4117.97,66.0,0.030303030303030304,4.0,Historical evidence only: prior 7-day average transaction amount 117.66; prior 7-day maximum transaction amount 289.01; prior 7-day total transaction amount 4117.97; prior 14-day transaction count 66; prior 14-day fraud rate 0.030303; recent 7-day transaction-count change versus the preceding 7 days 4.
fraud_McDermott-Weimann,2020-05-18,0.8291051292303867,1,123.4792,226.75,3086.98,55.0,0.0,-5.0,Historical evidence only: prior 7-day average transaction amount 123.48; prior 7-day maximum transaction amount 226.75; prior 7-day total transaction amount 3086.98; prior 14-day transaction count 55; prior 14-day fraud rate 0.000000; recent 7-day transaction-count change versus the preceding 7 days -5.
fraud_Kiehn-Emmerich,2020-05-12,0.8289681303936886,1,111.16310344827586,211.27,3223.73,56.0,0.0,2.0,Historical evidence only: prior 7-day average transaction amount 111.16; prior 7-day maximum transaction amount 211.27; prior 7-day total transaction amount 3223.73; prior 14-day transaction count 56; prior 14-day fraud rate 0.000000; recent 7-day transaction-count change versus the preceding 7 days 2.
"fraud_Kovacek, Dibbert and Ondricka",2020-05-19,0.8289335302973827,1,116.2807142857143,209.19,3255.86,65.0,0.0,-9.0,Historical evidence only: prior 7-day average transaction amount 116.28; prior 7-day maximum transaction amount 209.19; prior 7-day total transaction amount 3255.86; prior 14-day transaction count 65; prior 14-day fraud rate 0.000000; recent 7-day transaction-count change versus the preceding 7 days -9.
"fraud_Moen, Reinger and Murphy",2020-06-01,0.8289335302973827,1,118.07322580645162,221.6,3660.27,69.0,0.0,-7.0,Historical evidence only: prior 7-day average transaction amount 118.07; prior 7-day maximum transaction amount 221.60; prior 7-day total transaction amount 3660.27; prior 14-day transaction count 69; prior 14-day fraud rate 0.000000; recent 7-day transaction-count change versus the preceding 7 days -7.
"fraud_Goldner, Kovacek and Abbott",2020-05-07,0.8288575179976597,1,119.34375,334.48,3819.0,63.0,0.047619047619047616,1.0,Historical evidence only: prior 7-day average transaction amount 119.34; prior 7-day maximum transaction amount 334.48; prior 7-day total transaction amount 3819.00; prior 14-day transaction count 63; prior 14-day fraud rate 0.047619; recent 7-day transaction-count change versus the preceding 7 days 1.
fraud_Kutch and Sons,2020-06-08,0.8287759098874276,1,108.85594594594592,192.33,4027.669999999999,71.0,0.014084507042253521,3.0,Historical evidence only: prior 7-day average transaction amount 108.86; prior 7-day maximum transaction amount 192.33; prior 7-day total transaction amount 4027.67; prior 14-day transaction count 71; prior 14-day fraud rate 0.014085; recent 7-day transaction-count change versus the preceding 7 days 3.
fraud_DuBuque LLC,2020-05-17,0.8286777373437312,1,123.08892857142858,293.48,3446.4900000000002,62.0,0.016129032258064516,-6.0,Historical evidence only: prior 7-day average transaction amount 123.09; prior 7-day maximum transaction amount 293.48; prior 7-day total transaction amount 3446.49; prior 14-day transaction count 62; prior 14-day fraud rate 0.016129; recent 7-day transaction-count change versus the preceding 7 days -6.
fraud_Hackett-Lueilwitz,2020-05-05,0.8286422448843846,1,117.72749999999999,294.64,3296.37,60.0,0.016666666666666666,-4.0,Historical evidence only: prior 7-day average transaction amount 117.73; prior 7-day maximum transaction amount 294.64; prior 7-day total transaction amount 3296.37; prior 14-day transaction count 60; prior 14-day fraud rate 0.016667; recent 7-day transaction-count change versus the preceding 7 days -4.
fraud_Miller-Hauck,2020-06-04,0.8286109053843667,1,119.6522222222222,332.78,4307.48,68.0,0.058823529411764705,4.0,Historical evidence only: prior 7-day average transaction amount 119.65; prior 7-day maximum transaction amount 332.78; prior 7-day total transaction amount 4307.48; prior 14-day transaction count 68; prior 14-day fraud rate 0.058824; recent 7-day transaction-count change versus the preceding 7 days 4.
fraud_Doyle Ltd,2020-06-08,0.828574298503927,1,125.64071428571428,330.35,5276.91,82.0,0.036585365853658534,2.0,Historical evidence only: prior 7-day average transaction amount 125.64; prior 7-day maximum transaction amount 330.35; prior 7-day total transaction amount 5276.91; prior 14-day transaction count 82; prior 14-day fraud rate 0.036585; recent 7-day transaction-count change versus the preceding 7 days 2.
fraud_Kiehn-Emmerich,2020-06-01,0.8284774526887965,1,105.32204545454546,225.25,4634.17,80.0,0.0125,8.0,Historical evidence only: prior 7-day average transaction amount 105.32; prior 7-day maximum transaction amount 225.25; prior 7-day total transaction amount 4634.17; prior 14-day transaction count 80; prior 14-day fraud rate 0.012500; recent 7-day transaction-count change versus the preceding 7 days 8.
fraud_Barton Inc,2020-05-28,0.8283118113521705,1,128.3103125,300.19,4105.93,58.0,0.05172413793103448,6.0,Historical evidence only: prior 7-day average transaction amount 128.31; prior 7-day maximum transaction amount 300.19; prior 7-day total transaction amount 4105.93; prior 14-day transaction count 58; prior 14-day fraud rate 0.051724; recent 7-day transaction-count change versus the preceding 7 days 6.
"fraud_Osinski, Ledner and Leuschke",2020-05-25,0.828300476435632,1,119.11026315789475,260.11,4526.1900000000005,57.0,0.017543859649122806,19.0,Historical evidence only: prior 7-day average transaction amount 119.11; prior 7-day maximum transaction amount 260.11; prior 7-day total transaction amount 4526.19; prior 14-day transaction count 57; prior 14-day fraud rate 0.017544; recent 7-day transaction-count change versus the preceding 7 days 19.
fraud_Kuhn LLC,2020-05-26,0.8282342179625313,1,43.94259259259262,656.0,2372.9000000000015,103.0,0.02912621359223301,5.0,Historical evidence only: prior 7-day average transaction amount 43.94; prior 7-day maximum transaction amount 656.00; prior 7-day total transaction amount 2372.90; prior 14-day transaction count 103; prior 14-day fraud rate 0.029126; recent 7-day transaction-count change versus the preceding 7 days 5.
"fraud_Goldner, Kovacek and Abbott",2020-05-17,0.8282014964889217,1,111.68083333333334,219.35,2680.34,51.0,0.0196078431372549,-3.0,Historical evidence only: prior 7-day average transaction amount 111.68; prior 7-day maximum transaction amount 219.35; prior 7-day total transaction amount 2680.34; prior 14-day transaction count 51; prior 14-day fraud rate 0.019608; recent 7-day transaction-count change versus the preceding 7 days -3.
fraud_Koepp-Parker,2020-06-13,0.8281834610531562,1,119.87105263157896,224.27,4555.1,77.0,0.025974025974025976,-1.0,Historical evidence only: prior 7-day average transaction amount 119.87; prior 7-day maximum transaction amount 224.27; prior 7-day total transaction amount 4555.10; prior 14-day transaction count 77; prior 14-day fraud rate 0.025974; recent 7-day transaction-count change versus the preceding 7 days -1.
fraud_McDermott-Weimann,2020-06-04,0.8281808186283698,1,108.24886792452831,211.84,5737.1900000000005,94.0,0.0,12.0,Historical evidence only: prior 7-day average transaction amount 108.25; prior 7-day maximum transaction amount 211.84; prior 7-day total transaction amount 5737.19; prior 14-day transaction count 94; prior 14-day fraud rate 0.000000; recent 7-day transaction-count change versus the preceding 7 days 12.
fraud_Miller-Hauck,2020-05-04,0.8281086830978055,1,116.23705882352942,236.5,3952.0600000000004,65.0,0.015384615384615385,3.0,Historical evidence only: prior 7-day average transaction amount 116.24; prior 7-day maximum transaction amount 236.50; prior 7-day total transaction amount 3952.06; prior 14-day transaction count 65; prior 14-day fraud rate 0.015385; recent 7-day transaction-count change versus the preceding 7 days 3.
fraud_Deckow-O'Conner,2020-05-07,0.8279888643112854,1,116.68799999999999,236.58,2917.2,52.0,0.0,-2.0,Historical evidence only: prior 7-day average transaction amount 116.69; prior 7-day maximum transaction amount 236.58; prior 7-day total transaction amount 2917.20; prior 14-day transaction count 52; prior 14-day fraud rate 0.000000; recent 7-day transaction-count change versus the preceding 7 days -2.
fraud_Rutherford-Mertz,2020-06-10,0.8279689648851178,1,103.212,191.92,2580.3,62.0,0.0,-12.0,Historical evidence only: prior 7-day average transaction amount 103.21; prior 7-day maximum transaction amount 191.92; prior 7-day total transaction amount 2580.30; prior 14-day transaction count 62; prior 14-day fraud rate 0.000000; recent 7-day transaction-count change versus the preceding 7 days -12.
fraud_Heidenreich PLC,2020-05-21,0.8279329554890592,1,123.8047619047619,215.8,2599.9,54.0,0.0,-12.0,Historical evidence only: prior 7-day average transaction amount 123.80; prior 7-day maximum transaction amount 215.80; prior 7-day total transaction amount 2599.90; prior 14-day transaction count 54; prior 14-day fraud rate 0.000000; recent 7-day transaction-count change versus the preceding 7 days -12.
fraud_Bradtke PLC,2020-05-23,0.8278014888684502,1,124.7632,212.6,3119.08,50.0,0.0,0.0,Historical evidence only: prior 7-day average transaction amount 124.76; prior 7-day maximum transaction amount 212.60; prior 7-day total transaction amount 3119.08; prior 14-day transaction count 50; prior 14-day fraud rate 0.000000; recent 7-day transaction-count change versus the preceding 7 days 0.
"fraud_Mosciski, Gislason and Mertz",2020-05-12,0.8277853675961548,1,135.16,315.09,3243.8399999999997,49.0,0.04081632653061224,-1.0,Historical evidence only: prior 7-day average transaction amount 135.16; prior 7-day maximum transaction amount 315.09; prior 7-day total transaction amount 3243.84; prior 14-day transaction count 49; prior 14-day fraud rate 0.040816; recent 7-day transaction-count change versus the preceding 7 days -1.
fraud_Doyle Ltd,2020-05-05,0.8277836868484887,1,136.36499999999998,370.45,4090.95,54.0,0.05555555555555555,6.0,Historical evidence only: prior 7-day average transaction amount 136.36; prior 7-day maximum transaction amount 370.45; prior 7-day total transaction amount 4090.95; prior 14-day transaction count 54; prior 14-day fraud rate 0.055556; recent 7-day transaction-count change versus the preceding 7 days 6.
fraud_Goodwin-Nitzsche,2020-05-19,0.8277750030749147,1,120.24782608695654,226.63,2765.7000000000003,59.0,0.03389830508474576,-13.0,Historical evidence only: prior 7-day average transaction amount 120.25; prior 7-day maximum transaction amount 226.63; prior 7-day total transaction amount 2765.70; prior 14-day transaction count 59; prior 14-day fraud rate 0.033898; recent 7-day transaction-count change versus the preceding 7 days -13.
fraud_Pacocha-O'Reilly,2020-05-26,0.8277750030749147,1,107.03,217.83,2675.75,63.0,0.031746031746031744,-13.0,Historical evidence only: prior 7-day average transaction amount 107.03; prior 7-day maximum transaction amount 217.83; prior 7-day total transaction amount 2675.75; prior 14-day transaction count 63; prior 14-day fraud rate 0.031746; recent 7-day transaction-count change versus the preceding 7 days -13.
fraud_Bauch-Raynor,2020-05-13,0.8277699731167278,1,134.96958333333333,352.85,3239.27,54.0,0.037037037037037035,-6.0,Historical evidence only: prior 7-day average transaction amount 134.97; prior 7-day maximum transaction amount 352.85; prior 7-day total transaction amount 3239.27; prior 14-day transaction count 54; prior 14-day fraud rate 0.037037; recent 7-day transaction-count change versus the preceding 7 days -6.
fraud_Deckow-O'Conner,2020-06-01,0.8277361861785437,1,111.4457894736842,238.85,4234.94,73.0,0.0,3.0,Historical evidence only: prior 7-day average transaction amount 111.45; prior 7-day maximum transaction amount 238.85; prior 7-day total transaction amount 4234.94; prior 14-day transaction count 73; prior 14-day fraud rate 0.000000; recent 7-day transaction-count change versus the preceding 7 days 3.
fraud_Kutch and Sons,2020-05-08,0.8276115545018069,1,104.25085106382977,291.96,4899.789999999999,83.0,0.012048192771084338,11.0,Historical evidence only: prior 7-day average transaction amount 104.25; prior 7-day maximum transaction amount 291.96; prior 7-day total transaction amount 4899.79; prior 14-day transaction count 83; prior 14-day fraud rate 0.012048; recent 7-day transaction-count change versus the preceding 7 days 11.
fraud_McDermott-Weimann,2020-05-13,0.8275659876556622,1,103.90249999999999,223.83,2493.66,58.0,0.0,-10.0,Historical evidence only: prior 7-day average transaction amount 103.90; prior 7-day maximum transaction amount 223.83; prior 7-day total transaction amount 2493.66; prior 14-day transaction count 58; prior 14-day fraud rate 0.000000; recent 7-day transaction-count change versus the preceding 7 days -10.
fraud_Barton Inc,2020-05-23,0.8275316426470174,1,132.40750000000003,349.18,4237.040000000001,54.0,0.05555555555555555,10.0,Historical evidence only: prior 7-day average transaction amount 132.41; prior 7-day maximum transaction amount 349.18; prior 7-day total transaction amount 4237.04; prior 14-day transaction count 54; prior 14-day fraud rate 0.055556; recent 7-day transaction-count change versus the preceding 7 days 10.
fraud_Bauch-Raynor,2020-05-26,0.8274660372991017,1,100.68837209302326,237.81,4329.6,79.0,0.0,7.0,Historical evidence only: prior 7-day average transaction amount 100.69; prior 7-day maximum transaction amount 237.81; prior 7-day total transaction amount 4329.60; prior 14-day transaction count 79; prior 14-day fraud rate 0.000000; recent 7-day transaction-count change versus the preceding 7 days 7.
fraud_Cartwright-Harris,2020-06-13,0.827398796929522,1,112.98341463414633,238.65,4632.32,83.0,0.0,-1.0,Historical evidence only: prior 7-day average transaction amount 112.98; prior 7-day maximum transaction amount 238.65; prior 7-day total transaction amount 4632.32; prior 14-day transaction count 83; prior 14-day fraud rate 0.000000; recent 7-day transaction-count change versus the preceding 7 days -1.
fraud_McDermott-Weimann,2020-06-10,0.8272364778625925,1,117.08999999999999,267.28,4917.78,93.0,0.0,-9.0,Historical evidence only: prior 7-day average transaction amount 117.09; prior 7-day maximum transaction amount 267.28; prior 7-day total transaction amount 4917.78; prior 14-day transaction count 93; prior 14-day fraud rate 0.000000; recent 7-day transaction-count change versus the preceding 7 days -9.
fraud_Bradtke PLC,2020-05-15,0.8271618892245706,1,132.07846153846154,238.66,3434.04,53.0,0.0,-1.0,Historical evidence only: prior 7-day average transaction amount 132.08; prior 7-day maximum transaction amount 238.66; prior 7-day total transaction amount 3434.04; prior 14-day transaction count 53; prior 14-day fraud rate 0.000000; recent 7-day transaction-count change versus the preceding 7 days -1.
fraud_Hackett-Lueilwitz,2020-05-13,0.827019533726264,1,104.9048,218.14,2622.62,57.0,0.017543859649122806,-7.0,Historical evidence only: prior 7-day average transaction amount 104.90; prior 7-day maximum transaction amount 218.14; prior 7-day total transaction amount 2622.62; prior 14-day transaction count 57; prior 14-day fraud rate 0.017544; recent 7-day transaction-count change versus the preceding 7 days -7.
fraud_Rutherford-Mertz,2020-05-23,0.827019533726264,1,128.81,231.02,3220.25,58.0,0.017241379310344827,-8.0,Historical evidence only: prior 7-day average transaction amount 128.81; prior 7-day maximum transaction amount 231.02; prior 7-day total transaction amount 3220.25; prior 14-day transaction count 58; prior 14-day fraud rate 0.017241; recent 7-day transaction-count change versus the preceding 7 days -8.
fraud_Pacocha-O'Reilly,2020-05-11,0.8270087524100957,1,118.50952380952383,224.2,2488.7000000000003,58.0,0.0,-16.0,Historical evidence only: prior 7-day average transaction amount 118.51; prior 7-day maximum transaction amount 224.20; prior 7-day total transaction amount 2488.70; prior 14-day transaction count 58; prior 14-day fraud rate 0.000000; recent 7-day transaction-count change versus the preceding 7 days -16.
"fraud_Schumm, Bauch and Ondricka",2020-05-09,0.8269770629298885,1,124.3740476190476,293.71,5223.709999999999,77.0,0.025974025974025976,7.0,Historical evidence only: prior 7-day average transaction amount 124.37; prior 7-day maximum transaction amount 293.71; prior 7-day total transaction amount 5223.71; prior 14-day transaction count 77; prior 14-day fraud rate 0.025974; recent 7-day transaction-count change versus the preceding 7 days 7.
fraud_Barton Inc,2020-05-12,0.8269132536309168,1,112.9209090909091,215.14,3726.3900000000003,62.0,0.0,4.0,Historical evidence only: prior 7-day average transaction amount 112.92; prior 7-day maximum transaction amount 215.14; prior 7-day total transaction amount 3726.39; prior 14-day transaction count 62; prior 14-day fraud rate 0.000000; recent 7-day transaction-count change versus the preceding 7 days 4.
fraud_Padberg-Welch,2020-06-01,0.8269132536309168,1,111.38916666666667,213.76,4010.01,69.0,0.0,3.0,Historical evidence only: prior 7-day average transaction amount 111.39; prior 7-day maximum transaction amount 213.76; prior 7-day total transaction amount 4010.01; prior 14-day transaction count 69; prior 14-day fraud rate 0.000000; recent 7-day transaction-count change versus the preceding 7 days 3.
"fraud_Mosciski, Gislason and Mertz",2020-06-06,0.8269132536309168,1,115.12771428571429,220.77,4029.4700000000003,66.0,0.0,4.0,Historical evidence only: prior 7-day average transaction amount 115.13; prior 7-day maximum transaction amount 220.77; prior 7-day total transaction amount 4029.47; prior 14-day transaction count 66; prior 14-day fraud rate 0.000000; recent 7-day transaction-count change versus the preceding 7 days 4.
fraud_Koepp-Parker,2020-05-19,0.8267138539368791,1,117.56315789473683,233.44,4467.4,66.0,0.015151515151515152,10.0,Historical evidence only: prior 7-day average transaction amount 117.56; prior 7-day maximum transaction amount 233.44; prior 7-day total transaction amount 4467.40; prior 14-day transaction count 66; prior 14-day fraud rate 0.015152; recent 7-day transaction-count change versus the preceding 7 days 10.
fraud_Cormier LLC,2020-06-06,0.8267088423240954,1,115.06612244897961,2700.77,5638.240000000001,102.0,0.00980392156862745,-4.0,Historical evidence only: prior 7-day average transaction amount 115.07; prior 7-day maximum transaction amount 2700.77; prior 7-day total transaction amount 5638.24; prior 14-day transaction count 102; prior 14-day fraud rate 0.009804; recent 7-day transaction-count change versus the preceding 7 days -4.
fraud_Bogisich Inc,2020-05-09,0.8266705150358743,1,104.8430303030303,201.21,3459.82,66.0,0.0,0.0,Historical evidence only: prior 7-day average transaction amount 104.84; prior 7-day maximum transaction amount 201.21; prior 7-day total transaction amount 3459.82; prior 14-day transaction count 66; prior 14-day fraud rate 0.000000; recent 7-day transaction-count change versus the preceding 7 days 0.
fraud_Kunze Inc,2020-05-15,0.8266578563391815,1,125.24558823529412,320.99,4258.35,58.0,0.05172413793103448,10.0,Historical evidence only: prior 7-day average transaction amount 125.25; prior 7-day maximum transaction amount 320.99; prior 7-day total transaction amount 4258.35; prior 14-day transaction count 58; prior 14-day fraud rate 0.051724; recent 7-day transaction-count change versus the preceding 7 days 10.
fraud_Kunze Inc,2020-05-16,0.8266578563391815,1,123.553125,320.99,3953.7,57.0,0.05263157894736842,7.0,Historical evidence only: prior 7-day average transaction amount 123.55; prior 7-day maximum transaction amount 320.99; prior 7-day total transaction amount 3953.70; prior 14-day transaction count 57; prior 14-day fraud rate 0.052632; recent 7-day transaction-count change versus the preceding 7 days 7.
fraud_Schamberger-O'Keefe,2020-05-20,0.8266312745200203,1,115.17703703703704,215.17,3109.78,53.0,0.018867924528301886,1.0,Historical evidence only: prior 7-day average transaction amount 115.18; prior 7-day maximum transaction amount 215.17; prior 7-day total transaction amount 3109.78; prior 14-day transaction count 53; prior 14-day fraud rate 0.018868; recent 7-day transaction-count change versus the preceding 7 days 1.
fraud_Boyer PLC,2020-05-29,0.8264868684952644,1,77.26578947368422,1174.95,4404.150000000001,109.0,0.01834862385321101,5.0,Historical evidence only: prior 7-day average transaction amount 77.27; prior 7-day maximum transaction amount 1174.95; prior 7-day total transaction amount 4404.15; prior 14-day transaction count 109; prior 14-day fraud rate 0.018349; recent 7-day transaction-count change versus the preceding 7 days 5.
"fraud_Kovacek, Dibbert and Ondricka",2020-06-07,0.8264484737405453,1,117.89258064516127,218.82,3654.6699999999996,66.0,0.015151515151515152,-4.0,Historical evidence only: prior 7-day average transaction amount 117.89; prior 7-day maximum transaction amount 218.82; prior 7-day total transaction amount 3654.67; prior 14-day transaction count 66; prior 14-day fraud rate 0.015152; recent 7-day transaction-count change versus the preceding 7 days -4.
fraud_O'Keefe-Hudson,2020-05-08,0.8264337285054665,1,133.2421739130435,329.56,3064.5700000000006,51.0,0.0196078431372549,-5.0,Historical evidence only: prior 7-day average transaction amount 133.24; prior 7-day maximum transaction amount 329.56; prior 7-day total transaction amount 3064.57; prior 14-day transaction count 51; prior 14-day fraud rate 0.019608; recent 7-day transaction-count change versus the preceding 7 days -5.
fraud_Boyer PLC,2020-05-27,0.8263358291202022,1,102.81272727272729,990.3,5654.700000000001,102.0,0.0196078431372549,8.0,Historical evidence only: prior 7-day average transaction amount 102.81; prior 7-day maximum transaction amount 990.30; prior 7-day total transaction amount 5654.70; prior 14-day transaction count 102; prior 14-day fraud rate 0.019608; recent 7-day transaction-count change versus the preceding 7 days 8.
fraud_Cartwright-Harris,2020-05-11,0.8263289137111692,1,108.535,220.62,3473.12,67.0,0.014925373134328358,-3.0,Historical evidence only: prior 7-day average transaction amount 108.53; prior 7-day maximum transaction amount 220.62; prior 7-day total transaction amount 3473.12; prior 14-day transaction count 67; prior 14-day fraud rate 0.014925; recent 7-day transaction-count change versus the preceding 7 days -3.
fraud_Rutherford-Mertz,2020-06-07,0.8263289137111692,1,113.363125,221.22,3627.62,66.0,0.015151515151515152,-2.0,Historical evidence only: prior 7-day average transaction amount 113.36; prior 7-day maximum transaction amount 221.22; prior 7-day total transaction amount 3627.62; prior 14-day transaction count 66; prior 14-day fraud rate 0.015152; recent 7-day transaction-count change versus the preceding 7 days -2.
fraud_Lockman Ltd,2020-06-06,0.8262187317379063,1,100.55558823529412,199.08,3418.8900000000003,68.0,0.0,0.0,Historical evidence only: prior 7-day average transaction amount 100.56; prior 7-day maximum transaction amount 199.08; prior 7-day total transaction amount 3418.89; prior 14-day transaction count 68; prior 14-day fraud rate 0.000000; recent 7-day transaction-count change versus the preceding 7 days 0.
fraud_Bailey-Morar,2020-06-04,0.8261563764156218,1,106.96758620689657,238.56,3102.0600000000004,67.0,0.029850746268656716,-9.0,Historical evidence only: prior 7-day average transaction amount 106.97; prior 7-day maximum transaction amount 238.56; prior 7-day total transaction amount 3102.06; prior 14-day transaction count 67; prior 14-day fraud rate 0.029851; recent 7-day transaction-count change versus the preceding 7 days -9.
"fraud_Schumm, Bauch and Ondricka",2020-06-07,0.826085450380931,1,134.37085714285712,287.38,4702.98,70.0,0.02857142857142857,0.0,Historical evidence only: prior 7-day average transaction amount 134.37; prior 7-day maximum transaction amount 287.38; prior 7-day total transaction amount 4702.98; prior 14-day transaction count 70; prior 14-day fraud rate 0.028571; recent 7-day transaction-count change versus the preceding 7 days 0.
fraud_Deckow-O'Conner,2020-06-05,0.8260774780352187,1,121.32466666666667,227.6,5459.610000000001,83.0,0.0,7.0,Historical evidence only: prior 7-day average transaction amount 121.32; prior 7-day maximum transaction amount 227.60; prior 7-day total transaction amount 5459.61; prior 14-day transaction count 83; prior 14-day fraud rate 0.000000; recent 7-day transaction-count change versus the preceding 7 days 7.
fraud_Doyle Ltd,2020-06-10,0.8260733890158755,1,118.59357142857144,330.35,4980.93,86.0,0.03488372093023256,-2.0,Historical evidence only: prior 7-day average transaction amount 118.59; prior 7-day maximum transaction amount 330.35; prior 7-day total transaction amount 4980.93; prior 14-day transaction count 86; prior 14-day fraud rate 0.034884; recent 7-day transaction-count change versus the preceding 7 days -2.
fraud_Bailey-Morar,2020-05-18,0.826061535156838,1,134.2052,301.55,3355.13,60.0,0.016666666666666666,-10.0,Historical evidence only: prior 7-day average transaction amount 134.21; prior 7-day maximum transaction amount 301.55; prior 7-day total transaction amount 3355.13; prior 14-day transaction count 60; prior 14-day fraud rate 0.016667; recent 7-day transaction-count change versus the preceding 7 days -10.
fraud_Strosin-Cruickshank,2020-05-09,0.8260297646383816,1,96.56666666666666,155.22,2897.0,57.0,0.0,3.0,Historical evidence only: prior 7-day average transaction amount 96.57; prior 7-day maximum transaction amount 155.22; prior 7-day total transaction amount 2897.00; prior 14-day transaction count 57; prior 14-day fraud rate 0.000000; recent 7-day transaction-count change versus the preceding 7 days 3.
fraud_Koepp-Parker,2020-05-05,0.8260257770965936,1,130.0585714285714,218.99,3641.64,58.0,0.0,-2.0,Historical evidence only: prior 7-day average transaction amount 130.06; prior 7-day maximum transaction amount 218.99; prior 7-day total transaction amount 3641.64; prior 14-day transaction count 58; prior 14-day fraud rate 0.000000; recent 7-day transaction-count change versus the preceding 7 days -2.
fraud_Koepp-Parker,2020-05-08,0.8259254078104348,1,124.71719999999999,218.99,3117.93,52.0,0.0,-2.0,Historical evidence only: prior 7-day average transaction amount 124.72; prior 7-day maximum transaction amount 218.99; prior 7-day total transaction amount 3117.93; prior 14-day transaction count 52; prior 14-day fraud rate 0.000000; recent 7-day transaction-count change versus the preceding 7 days -2.
fraud_Kiehn-Emmerich,2020-05-05,0.8259141683743282,1,109.78592592592592,207.03,2964.22,60.0,0.0,-6.0,Historical evidence only: prior 7-day average transaction amount 109.79; prior 7-day maximum transaction amount 207.03; prior 7-day total transaction amount 2964.22; prior 14-day transaction count 60; prior 14-day fraud rate 0.000000; recent 7-day transaction-count change versus the preceding 7 days -6.
"fraud_Moen, Reinger and Murphy",2020-06-02,0.8259002445218822,1,124.42216216216215,223.41,4603.62,73.0,0.0,1.0,Historical evidence only: prior 7-day average transaction amount 124.42; prior 7-day maximum transaction amount 223.41; prior 7-day total transaction amount 4603.62; prior 14-day transaction count 73; prior 14-day fraud rate 0.000000; recent 7-day transaction-count change versus the preceding 7 days 1.
fraud_Vandervort-Funk,2020-05-30,0.8258946471502311,1,130.67472222222221,223.08,4704.29,60.0,0.016666666666666666,12.0,Historical evidence only: prior 7-day average transaction amount 130.67; prior 7-day maximum transaction amount 223.08; prior 7-day total transaction amount 4704.29; prior 14-day transaction count 60; prior 14-day fraud rate 0.016667; recent 7-day transaction-count change versus the preceding 7 days 12.
fraud_Hackett-Lueilwitz,2020-05-06,0.825877238428842,1,111.58125,294.64,3570.6,61.0,0.01639344262295082,3.0,Historical evidence only: prior 7-day average transaction amount 111.58; prior 7-day maximum transaction amount 294.64; prior 7-day total transaction amount 3570.60; prior 14-day transaction count 61; prior 14-day fraud rate 0.016393; recent 7-day transaction-count change versus the preceding 7 days 3.
fraud_Hackett-Lueilwitz,2020-05-11,0.825877238428842,1,112.91290322580646,294.64,3500.3,63.0,0.015873015873015872,-1.0,Historical evidence only: prior 7-day average transaction amount 112.91; prior 7-day maximum transaction amount 294.64; prior 7-day total transaction amount 3500.30; prior 14-day transaction count 63; prior 14-day fraud rate 0.015873; recent 7-day transaction-count change versus the preceding 7 days -1.
fraud_Bogisich Inc,2020-05-12,0.8258576729145508,1,108.47814814814814,202.09,2928.91,58.0,0.0,-4.0,Historical evidence only: prior 7-day average transaction amount 108.48; prior 7-day maximum transaction amount 202.09; prior 7-day total transaction amount 2928.91; prior 14-day transaction count 58; prior 14-day fraud rate 0.000000; recent 7-day transaction-count change versus the preceding 7 days -4.
fraud_Goodwin-Nitzsche,2020-05-20,0.8257545115365648,1,112.42344827586207,209.76,3260.28,64.0,0.03125,-6.0,Historical evidence only: prior 7-day average transaction amount 112.42; prior 7-day maximum transaction amount 209.76; prior 7-day total transaction amount 3260.28; prior 14-day transaction count 64; prior 14-day fraud rate 0.031250; recent 7-day transaction-count change versus the preceding 7 days -6.
fraud_Koepp-Parker,2020-05-21,0.8257510871093912,1,110.96354838709676,198.06,3439.87,66.0,0.015151515151515152,-4.0,Historical evidence only: prior 7-day average transaction amount 110.96; prior 7-day maximum transaction amount 198.06; prior 7-day total transaction amount 3439.87; prior 14-day transaction count 66; prior 14-day fraud rate 0.015152; recent 7-day transaction-count change versus the preceding 7 days -4.
"fraud_Moen, Reinger and Murphy",2020-06-13,0.8256311480129613,1,109.59161290322581,210.08,3397.34,65.0,0.015384615384615385,-3.0,Historical evidence only: prior 7-day average transaction amount 109.59; prior 7-day maximum transaction amount 210.08; prior 7-day total transaction amount 3397.34; prior 14-day transaction count 65; prior 14-day fraud rate 0.015385; recent 7-day transaction-count change versus the preceding 7 days -3.
fraud_Schmidt and Sons,2020-05-11,0.8255750448362889,1,134.58875000000003,1125.43,3230.1300000000006,56.0,0.05357142857142857,-8.0,Historical evidence only: prior 7-day average transaction amount 134.59; prior 7-day maximum transaction amount 1125.43; prior 7-day total transaction amount 3230.13; prior 14-day transaction count 56; prior 14-day fraud rate 0.053571; recent 7-day transaction-count change versus the preceding 7 days -8.
fraud_Rutherford-Mertz,2020-05-18,0.825555880328615,1,126.57277777777777,290.71,4556.62,67.0,0.029850746268656716,5.0,Historical evidence only: prior 7-day average transaction amount 126.57; prior 7-day maximum transaction amount 290.71; prior 7-day total transaction amount 4556.62; prior 14-day transaction count 67; prior 14-day fraud rate 0.029851; recent 7-day transaction-count change versus the preceding 7 days 5.
fraud_Cartwright-Harris,2020-05-18,0.8255377625933566,1,126.61629629629631,289.46,3418.6400000000003,59.0,0.01694915254237288,-5.0,Historical evidence only: prior 7-day average transaction amount 126.62; prior 7-day maximum transaction amount 289.46; prior 7-day total transaction amount 3418.64; prior 14-day transaction count 59; prior 14-day fraud rate 0.016949; recent 7-day transaction-count change versus the preceding 7 days -5.
fraud_DuBuque LLC,2020-06-07,0.8255288992570915,1,104.236875,229.56,3335.58,65.0,0.0,-1.0,Historical evidence only: prior 7-day average transaction amount 104.24; prior 7-day maximum transaction amount 229.56; prior 7-day total transaction amount 3335.58; prior 14-day transaction count 65; prior 14-day fraud rate 0.000000; recent 7-day transaction-count change versus the preceding 7 days -1.
fraud_Miller-Hauck,2020-05-30,0.8254443601902641,1,123.16454545454546,230.82,4064.4300000000003,60.0,0.03333333333333333,6.0,Historical evidence only: prior 7-day average transaction amount 123.16; prior 7-day maximum transaction amount 230.82; prior 7-day total transaction amount 4064.43; prior 14-day transaction count 60; prior 14-day fraud rate 0.033333; recent 7-day transaction-count change versus the preceding 7 days 6.
"fraud_Heller, Gutmann and Zieme",2020-05-18,0.825407047587592,1,103.70588235294117,223.49,3526.0,65.0,0.015384615384615385,3.0,Historical evidence only: prior 7-day average transaction amount 103.71; prior 7-day maximum transaction amount 223.49; prior 7-day total transaction amount 3526.00; prior 14-day transaction count 65; prior 14-day fraud rate 0.015385; recent 7-day transaction-count change versus the preceding 7 days 3.
"fraud_Mosciski, Gislason and Mertz",2020-05-28,0.8253880220210189,1,132.12333333333333,235.93,3567.33,61.0,0.01639344262295082,-7.0,Historical evidence only: prior 7-day average transaction amount 132.12; prior 7-day maximum transaction amount 235.93; prior 7-day total transaction amount 3567.33; prior 14-day transaction count 61; prior 14-day fraud rate 0.016393; recent 7-day transaction-count change versus the preceding 7 days -7.
fraud_Kuhn LLC,2020-06-10,0.8252646369883286,1,105.43530612244902,1376.04,5166.330000000002,103.0,0.019417475728155338,-5.0,Historical evidence only: prior 7-day average transaction amount 105.44; prior 7-day maximum transaction amount 1376.04; prior 7-day total transaction amount 5166.33; prior 14-day transaction count 103; prior 14-day fraud rate 0.019417; recent 7-day transaction-count change versus the preceding 7 days -5.
fraud_Barton Inc,2020-06-07,0.8252407905315224,1,110.44314814814815,232.7,5963.93,95.0,0.0,13.0,Historical evidence only: prior 7-day average transaction amount 110.44; prior 7-day maximum transaction amount 232.70; prior 7-day total transaction amount 5963.93; prior 14-day transaction count 95; prior 14-day fraud rate 0.000000; recent 7-day transaction-count change versus the preceding 7 days 13.
fraud_McDermott-Weimann,2020-06-07,0.8252407905315224,1,109.71607843137255,233.74,5595.52,94.0,0.0,8.0,Historical evidence only: prior 7-day average transaction amount 109.72; prior 7-day maximum transaction amount 233.74; prior 7-day total transaction amount 5595.52; prior 14-day transaction count 94; prior 14-day fraud rate 0.000000; recent 7-day transaction-count change versus the preceding 7 days 8.
"fraud_Osinski, Ledner and Leuschke",2020-05-17,0.8252345668336258,1,118.95100000000002,237.86,2379.0200000000004,50.0,0.0,-10.0,Historical evidence only: prior 7-day average transaction amount 118.95; prior 7-day maximum transaction amount 237.86; prior 7-day total transaction amount 2379.02; prior 14-day transaction count 50; prior 14-day fraud rate 0.000000; recent 7-day transaction-count change versus the preceding 7 days -10.
fraud_Rau and Sons,2020-06-10,0.8249653000574908,1,119.55209302325581,214.71,5140.74,89.0,0.0,-3.0,Historical evidence only: prior 7-day average transaction amount 119.55; prior 7-day maximum transaction amount 214.71; prior 7-day total transaction amount 5140.74; prior 14-day transaction count 89; prior 14-day fraud rate 0.000000; recent 7-day transaction-count change versus the preceding 7 days -3.
"fraud_Kovacek, Dibbert and Ondricka",2020-05-20,0.8249489747724802,1,115.10741935483871,209.19,3568.33,66.0,0.0,-4.0,Historical evidence only: prior 7-day average transaction amount 115.11; prior 7-day maximum transaction amount 209.19; prior 7-day total transaction amount 3568.33; prior 14-day transaction count 66; prior 14-day fraud rate 0.000000; recent 7-day transaction-count change versus the preceding 7 days -4.
fraud_Koepp-Parker,2020-05-23,0.8248689189846025,1,117.01037037037037,198.06,3159.2799999999997,65.0,0.015384615384615385,-11.0,Historical evidence only: prior 7-day average transaction amount 117.01; prior 7-day maximum transaction amount 198.06; prior 7-day total transaction amount 3159.28; prior 14-day transaction count 65; prior 14-day fraud rate 0.015385; recent 7-day transaction-count change versus the preceding 7 days -11.
fraud_Hackett-Lueilwitz,2020-05-04,0.8248286006880896,1,105.05624999999999,211.95,3361.7999999999997,65.0,0.0,-1.0,Historical evidence only: prior 7-day average transaction amount 105.06; prior 7-day maximum transaction amount 211.95; prior 7-day total transaction amount 3361.80; prior 14-day transaction count 65; prior 14-day fraud rate 0.000000; recent 7-day transaction-count change versus the preceding 7 days -1.
fraud_Padberg-Welch,2020-05-20,0.8248286006880896,1,109.68,213.47,3619.44,68.0,0.0,-2.0,Historical evidence only: prior 7-day average transaction amount 109.68; prior 7-day maximum transaction amount 213.47; prior 7-day total transaction amount 3619.44; prior 14-day transaction count 68; prior 14-day fraud rate 0.000000; recent 7-day transaction-count change versus the preceding 7 days -2.
fraud_Bradtke PLC,2020-05-02,0.8248250844516692,1,121.13684210526316,302.59,4603.2,78.0,0.038461538461538464,-2.0,Historical evidence only: prior 7-day average transaction amount 121.14; prior 7-day maximum transaction amount 302.59; prior 7-day total transaction amount 4603.20; prior 14-day transaction count 78; prior 14-day fraud rate 0.038462; recent 7-day transaction-count change versus the preceding 7 days -2.
fraud_Bailey-Morar,2020-05-22,0.8247662877167204,1,130.4652,306.59,3261.63,58.0,0.034482758620689655,-8.0,Historical evidence only: prior 7-day average transaction amount 130.47; prior 7-day maximum transaction amount 306.59; prior 7-day total transaction amount 3261.63; prior 14-day transaction count 58; prior 14-day fraud rate 0.034483; recent 7-day transaction-count change versus the preceding 7 days -8.
fraud_Rutherford-Mertz,2020-06-05,0.8247610355871733,1,122.66363636363636,221.22,4047.8999999999996,67.0,0.014925373134328358,-1.0,Historical evidence only: prior 7-day average transaction amount 122.66; prior 7-day maximum transaction amount 221.22; prior 7-day total transaction amount 4047.90; prior 14-day transaction count 67; prior 14-day fraud rate 0.014925; recent 7-day transaction-count change versus the preceding 7 days -1.
fraud_Bradtke PLC,2020-05-11,0.8247310996258906,1,123.83319999999999,228.27,3095.83,61.0,0.0,-11.0,Historical evidence only: prior 7-day average transaction amount 123.83; prior 7-day maximum transaction amount 228.27; prior 7-day total transaction amount 3095.83; prior 14-day transaction count 61; prior 14-day fraud rate 0.000000; recent 7-day transaction-count change versus the preceding 7 days -11.
"fraud_Huel, Hammes and Witting",2020-05-02,0.8247185788884027,1,117.9251724137931,213.14,3419.83,56.0,0.017857142857142856,2.0,Historical evidence only: prior 7-day average transaction amount 117.93; prior 7-day maximum transaction amount 213.14; prior 7-day total transaction amount 3419.83; prior 14-day transaction count 56; prior 14-day fraud rate 0.017857; recent 7-day transaction-count change versus the preceding 7 days 2.
"fraud_Lockman, West and Runte",2020-05-06,0.8247185788884027,1,122.07535714285713,220.81,3418.1099999999997,56.0,0.017857142857142856,0.0,Historical evidence only: prior 7-day average transaction amount 122.08; prior 7-day maximum transaction amount 220.81; prior 7-day total transaction amount 3418.11; prior 14-day transaction count 56; prior 14-day fraud rate 0.017857; recent 7-day transaction-count change versus the preceding 7 days 0.
fraud_Bauch-Raynor,2020-05-15,0.8247185788884027,1,122.93703703703704,227.36,3319.3,56.0,0.017857142857142856,-2.0,Historical evidence only: prior 7-day average transaction amount 122.94; prior 7-day maximum transaction amount 227.36; prior 7-day total transaction amount 3319.30; prior 14-day transaction count 56; prior 14-day fraud rate 0.017857; recent 7-day transaction-count change versus the preceding 7 days -2.
"fraud_Kuhic, Bins and Pfeffer",2020-05-27,0.8247132863730299,1,126.06956521739124,988.59,2899.5999999999985,50.0,0.06,-4.0,Historical evidence only: prior 7-day average transaction amount 126.07; prior 7-day maximum transaction amount 988.59; prior 7-day total transaction amount 2899.60; prior 14-day transaction count 50; prior 14-day fraud rate 0.060000; recent 7-day transaction-count change versus the preceding 7 days -4.
fraud_Strosin-Cruickshank,2020-06-14,0.8246889816863201,1,95.97645161290322,162.83,2975.27,70.0,0.0,-8.0,Historical evidence only: prior 7-day average transaction amount 95.98; prior 7-day maximum transaction amount 162.83; prior 7-day total transaction amount 2975.27; prior 14-day transaction count 70; prior 14-day fraud rate 0.000000; recent 7-day transaction-count change versus the preceding 7 days -8.
"fraud_Huel, Hammes and Witting",2020-06-01,0.8246709354337081,1,103.25999999999999,207.44,3407.58,69.0,0.0,-3.0,Historical evidence only: prior 7-day average transaction amount 103.26; prior 7-day maximum transaction amount 207.44; prior 7-day total transaction amount 3407.58; prior 14-day transaction count 69; prior 14-day fraud rate 0.000000; recent 7-day transaction-count change versus the preceding 7 days -3.
fraud_Goodwin-Nitzsche,2020-05-30,0.8246435538886837,1,119.35857142857144,289.01,4177.55,68.0,0.029411764705882353,2.0,Historical evidence only: prior 7-day average transaction amount 119.36; prior 7-day maximum transaction amount 289.01; prior 7-day total transaction amount 4177.55; prior 14-day transaction count 68; prior 14-day fraud rate 0.029412; recent 7-day transaction-count change versus the preceding 7 days 2.
fraud_Bailey-Morar,2020-05-10,0.8245952405622777,1,105.1726923076923,204.12,2734.49,51.0,0.0,1.0,Historical evidence only: prior 7-day average transaction amount 105.17; prior 7-day maximum transaction amount 204.12; prior 7-day total transaction amount 2734.49; prior 14-day transaction count 51; prior 14-day fraud rate 0.000000; recent 7-day transaction-count change versus the preceding 7 days 1.
fraud_Hudson-Ratke,2020-05-15,0.8245952405622777,1,110.86629629629631,199.83,2993.3900000000003,54.0,0.0,0.0,Historical evidence only: prior 7-day average transaction amount 110.87; prior 7-day maximum transaction amount 199.83; prior 7-day total transaction amount 2993.39; prior 14-day transaction count 54; prior 14-day fraud rate 0.000000; recent 7-day transaction-count change versus the preceding 7 days 0.
"fraud_Kovacek, Dibbert and Ondricka",2020-06-02,0.8245936695289373,1,106.46088235294118,222.1,3619.67,62.0,0.016129032258064516,6.0,Historical evidence only: prior 7-day average transaction amount 106.46; prior 7-day maximum transaction amount 222.10; prior 7-day total transaction amount 3619.67; prior 14-day transaction count 62; prior 14-day fraud rate 0.016129; recent 7-day transaction-count change versus the preceding 7 days 6.
"fraud_Schultz, Simonis and Little",2020-06-10,0.8245745982920847,1,124.0235135135135,220.54,4588.87,74.0,0.013513513513513514,0.0,Historical evidence only: prior 7-day average transaction amount 124.02; prior 7-day maximum transaction amount 220.54; prior 7-day total transaction amount 4588.87; prior 14-day transaction count 74; prior 14-day fraud rate 0.013514; recent 7-day transaction-count change versus the preceding 7 days 0.
fraud_Stracke-Lemke,2020-05-23,0.8245436863610763,1,122.71714285714285,324.74,4295.099999999999,67.0,0.029850746268656716,3.0,Historical evidence only: prior 7-day average transaction amount 122.72; prior 7-day maximum transaction amount 324.74; prior 7-day total transaction amount 4295.10; prior 14-day transaction count 67; prior 14-day fraud rate 0.029851; recent 7-day transaction-count change versus the preceding 7 days 3.
"fraud_Kuhic, Bins and Pfeffer",2020-05-18,0.824541425924399,1,115.33406249999993,1276.77,3690.689999999998,54.0,0.05555555555555555,10.0,Historical evidence only: prior 7-day average transaction amount 115.33; prior 7-day maximum transaction amount 1276.77; prior 7-day total transaction amount 3690.69; prior 14-day transaction count 54; prior 14-day fraud rate 0.055556; recent 7-day transaction-count change versus the preceding 7 days 10.
fraud_Hudson-Ratke,2020-05-12,0.8244843249608488,1,102.91799999999999,172.22,2572.95,53.0,0.0,-3.0,Historical evidence only: prior 7-day average transaction amount 102.92; prior 7-day maximum transaction amount 172.22; prior 7-day total transaction amount 2572.95; prior 14-day transaction count 53; prior 14-day fraud rate 0.000000; recent 7-day transaction-count change versus the preceding 7 days -3.
fraud_McDermott-Weimann,2020-06-08,0.8244514207390921,1,114.97944444444444,233.74,6208.889999999999,97.0,0.0,11.0,Historical evidence only: prior 7-day average transaction amount 114.98; prior 7-day maximum transaction amount 233.74; prior 7-day total transaction amount 6208.89; prior 14-day transaction count 97; prior 14-day fraud rate 0.000000; recent 7-day transaction-count change versus the preceding 7 days 11.
fraud_DuBuque LLC,2020-05-15,0.8243404193771954,1,118.24843750000001,293.48,3783.9500000000003,67.0,0.014925373134328358,-3.0,Historical evidence only: prior 7-day average transaction amount 118.25; prior 7-day maximum transaction amount 293.48; prior 7-day total transaction amount 3783.95; prior 14-day transaction count 67; prior 14-day fraud rate 0.014925; recent 7-day transaction-count change versus the preceding 7 days -3.
fraud_Heidenreich PLC,2020-06-05,0.824327360497735,1,113.66866666666667,291.1,3410.06,73.0,0.0136986301369863,-13.0,Historical evidence only: prior 7-day average transaction amount 113.67; prior 7-day maximum transaction amount 291.10; prior 7-day total transaction amount 3410.06; prior 14-day transaction count 73; prior 14-day fraud rate 0.013699; recent 7-day transaction-count change versus the preceding 7 days -13.
fraud_Cole PLC,2020-05-10,0.824220708632138,1,111.34194444444445,219.7,4008.3100000000004,68.0,0.0,4.0,Historical evidence only: prior 7-day average transaction amount 111.34; prior 7-day maximum transaction amount 219.70; prior 7-day total transaction amount 4008.31; prior 14-day transaction count 68; prior 14-day fraud rate 0.000000; recent 7-day transaction-count change versus the preceding 7 days 4.
"fraud_Goldner, Kovacek and Abbott",2020-06-14,0.824220708632138,1,113.33060606060607,230.36,3739.9100000000003,68.0,0.0,-2.0,Historical evidence only: prior 7-day average transaction amount 113.33; prior 7-day maximum transaction amount 230.36; prior 7-day total transaction amount 3739.91; prior 14-day transaction count 68; prior 14-day fraud rate 0.000000; recent 7-day transaction-count change versus the preceding 7 days -2.
fraud_Bauch-Raynor,2020-06-08,0.824202312991161,1,109.22225,203.45,4368.89,78.0,0.0,2.0,Historical evidence only: prior 7-day average transaction amount 109.22; prior 7-day maximum transaction amount 203.45; prior 7-day total transaction amount 4368.89; prior 14-day transaction count 78; prior 14-day fraud rate 0.000000; recent 7-day transaction-count change versus the preceding 7 days 2.
fraud_Hudson-Ratke,2020-05-10,0.8241391987819984,1,101.82107142857141,201.73,2850.99,56.0,0.0,0.0,Historical evidence only: prior 7-day average transaction amount 101.82; prior 7-day maximum transaction amount 201.73; prior 7-day total transaction amount 2850.99; prior 14-day transaction count 56; prior 14-day fraud rate 0.000000; recent 7-day transaction-count change versus the preceding 7 days 0.
fraud_Pacocha-O'Reilly,2020-05-12,0.8240282814158343,1,126.63045454545454,224.2,2785.87,57.0,0.0,-13.0,Historical evidence only: prior 7-day average transaction amount 126.63; prior 7-day maximum transaction amount 224.20; prior 7-day total transaction amount 2785.87; prior 14-day transaction count 57; prior 14-day fraud rate 0.000000; recent 7-day transaction-count change versus the preceding 7 days -13.
fraud_Hackett-Lueilwitz,2020-05-01,0.8240177872563618,1,110.00709677419356,209.6,3410.2200000000003,67.0,0.014925373134328358,-5.0,Historical evidence only: prior 7-day average transaction amount 110.01; prior 7-day maximum transaction amount 209.60; prior 7-day total transaction amount 3410.22; prior 14-day transaction count 67; prior 14-day fraud rate 0.014925; recent 7-day transaction-count change versus the preceding 7 days -5.
fraud_Rutherford-Mertz,2020-06-08,0.8240177872563618,1,104.38535714285713,221.22,2922.7899999999995,66.0,0.015151515151515152,-10.0,Historical evidence only: prior 7-day average transaction amount 104.39; prior 7-day maximum transaction amount 221.22; prior 7-day total transaction amount 2922.79; prior 14-day transaction count 66; prior 14-day fraud rate 0.015152; recent 7-day transaction-count change versus the preceding 7 days -10.
"fraud_Casper, Hand and Zulauf",2020-06-02,0.8239314012614026,1,113.17461538461536,295.42,4413.8099999999995,68.0,0.029411764705882353,10.0,Historical evidence only: prior 7-day average transaction amount 113.17; prior 7-day maximum transaction amount 295.42; prior 7-day total transaction amount 4413.81; prior 14-day transaction count 68; prior 14-day fraud rate 0.029412; recent 7-day transaction-count change versus the preceding 7 days 10.
fraud_Hudson-Ratke,2020-05-14,0.8238919938956619,1,109.84068965517241,199.83,3185.38,55.0,0.0,3.0,Historical evidence only: prior 7-day average transaction amount 109.84; prior 7-day maximum transaction amount 199.83; prior 7-day total transaction amount 3185.38; prior 14-day transaction count 55; prior 14-day fraud rate 0.000000; recent 7-day transaction-count change versus the preceding 7 days 3.
fraud_Hudson-Ratke,2020-06-01,0.8238880771878089,1,104.956,231.86,3148.6800000000003,59.0,0.0,1.0,Historical evidence only: prior 7-day average transaction amount 104.96; prior 7-day maximum transaction amount 231.86; prior 7-day total transaction amount 3148.68; prior 14-day transaction count 59; prior 14-day fraud rate 0.000000; recent 7-day transaction-count change versus the preceding 7 days 1.
fraud_Kuhic Inc,2020-05-20,0.823884679949681,1,107.66133333333333,213.57,3229.84,55.0,0.0,5.0,Historical evidence only: prior 7-day average transaction amount 107.66; prior 7-day maximum transaction amount 213.57; prior 7-day total transaction amount 3229.84; prior 14-day transaction count 55; prior 14-day fraud rate 0.000000; recent 7-day transaction-count change versus the preceding 7 days 5.
"fraud_Rowe, Batz and Goodwin",2020-06-03,0.8238612399262564,1,124.2517142857143,231.27,4348.81,64.0,0.015625,6.0,Historical evidence only: prior 7-day average transaction amount 124.25; prior 7-day maximum transaction amount 231.27; prior 7-day total transaction amount 4348.81; prior 14-day transaction count 64; prior 14-day fraud rate 0.015625; recent 7-day transaction-count change versus the preceding 7 days 6.
fraud_Schamberger-O'Keefe,2020-06-04,0.8238173396283998,1,114.38741935483871,203.35,3546.01,58.0,0.0,4.0,Historical evidence only: prior 7-day average transaction amount 114.39; prior 7-day maximum transaction amount 203.35; prior 7-day total transaction amount 3546.01; prior 14-day transaction count 58; prior 14-day fraud rate 0.000000; recent 7-day transaction-count change versus the preceding 7 days 4.
fraud_Goodwin-Nitzsche,2020-05-01,0.8238153234156189,1,110.0248717948718,220.95,4290.97,74.0,0.0,4.0,Historical evidence only: prior 7-day average transaction amount 110.02; prior 7-day maximum transaction amount 220.95; prior 7-day total transaction amount 4290.97; prior 14-day transaction count 74; prior 14-day fraud rate 0.000000; recent 7-day transaction-count change versus the preceding 7 days 4.
fraud_Kutch and Sons,2020-05-04,0.8238153234156189,1,108.05333333333333,236.02,4214.08,74.0,0.0,4.0,Historical evidence only: prior 7-day average transaction amount 108.05; prior 7-day maximum transaction amount 236.02; prior 7-day total transaction amount 4214.08; prior 14-day transaction count 74; prior 14-day fraud rate 0.000000; recent 7-day transaction-count change versus the preceding 7 days 4.
fraud_Pacocha-O'Reilly,2020-06-09,0.8238153234156189,1,106.16486486486487,234.09,3928.1,72.0,0.0,2.0,Historical evidence only: prior 7-day average transaction amount 106.16; prior 7-day maximum transaction amount 234.09; prior 7-day total transaction amount 3928.10; prior 14-day transaction count 72; prior 14-day fraud rate 0.000000; recent 7-day transaction-count change versus the preceding 7 days 2.
fraud_Bradtke PLC,2020-05-12,0.8237873352404599,1,127.0307142857143,238.66,3556.86,64.0,0.0,-8.0,Historical evidence only: prior 7-day average transaction amount 127.03; prior 7-day maximum transaction amount 238.66; prior 7-day total transaction amount 3556.86; prior 14-day transaction count 64; prior 14-day fraud rate 0.000000; recent 7-day transaction-count change versus the preceding 7 days -8.
"fraud_Lockman, West and Runte",2020-06-07,0.8237304972750962,1,108.95656249999999,210.31,3486.6099999999997,69.0,0.028985507246376812,-5.0,Historical evidence only: prior 7-day average transaction amount 108.96; prior 7-day maximum transaction amount 210.31; prior 7-day total transaction amount 3486.61; prior 14-day transaction count 69; prior 14-day fraud rate 0.028986; recent 7-day transaction-count change versus the preceding 7 days -5.
"fraud_Schultz, Simonis and Little",2020-05-01,0.8236631482568928,1,128.0916216216216,232.01,4739.389999999999,58.0,0.0,16.0,Historical evidence only: prior 7-day average transaction amount 128.09; prior 7-day maximum transaction amount 232.01; prior 7-day total transaction amount 4739.39; prior 14-day transaction count 58; prior 14-day fraud rate 0.000000; recent 7-day transaction-count change versus the preceding 7 days 16.
fraud_DuBuque LLC,2020-05-12,0.823601546607579,1,115.40645161290324,293.48,3577.6000000000004,69.0,0.014492753623188406,-7.0,Historical evidence only: prior 7-day average transaction amount 115.41; prior 7-day maximum transaction amount 293.48; prior 7-day total transaction amount 3577.60; prior 14-day transaction count 69; prior 14-day fraud rate 0.014493; recent 7-day transaction-count change versus the preceding 7 days -7.
fraud_DuBuque LLC,2020-05-13,0.823601546607579,1,120.2983870967742,293.48,3729.2500000000005,69.0,0.014492753623188406,-7.0,Historical evidence only: prior 7-day average transaction amount 120.30; prior 7-day maximum transaction amount 293.48; prior 7-day total transaction amount 3729.25; prior 14-day transaction count 69; prior 14-day fraud rate 0.014493; recent 7-day transaction-count change versus the preceding 7 days -7.
fraud_Wolf Inc,2020-06-05,0.823560055743663,1,110.3003448275862,314.21,3198.71,65.0,0.03076923076923077,-7.0,Historical evidence only: prior 7-day average transaction amount 110.30; prior 7-day maximum transaction amount 314.21; prior 7-day total transaction amount 3198.71; prior 14-day transaction count 65; prior 14-day fraud rate 0.030769; recent 7-day transaction-count change versus the preceding 7 days -7.
fraud_McDermott-Weimann,2020-05-19,0.8235600000748592,1,116.67241379310344,226.75,3383.5,57.0,0.0,1.0,Historical evidence only: prior 7-day average transaction amount 116.67; prior 7-day maximum transaction amount 226.75; prior 7-day total transaction amount 3383.50; prior 14-day transaction count 57; prior 14-day fraud rate 0.000000; recent 7-day transaction-count change versus the preceding 7 days 1.
"fraud_Goldner, Kovacek and Abbott",2020-05-18,0.8235565978633973,1,118.55633333333331,226.01,3556.6899999999996,54.0,0.0,6.0,Historical evidence only: prior 7-day average transaction amount 118.56; prior 7-day maximum transaction amount 226.01; prior 7-day total transaction amount 3556.69; prior 14-day transaction count 54; prior 14-day fraud rate 0.000000; recent 7-day transaction-count change versus the preceding 7 days 6.
fraud_DuBuque LLC,2020-05-09,0.8235162817425153,1,114.80914285714286,222.24,4018.32,66.0,0.0,4.0,Historical evidence only: prior 7-day average transaction amount 114.81; prior 7-day maximum transaction amount 222.24; prior 7-day total transaction amount 4018.32; prior 14-day transaction count 66; prior 14-day fraud rate 0.000000; recent 7-day transaction-count change versus the preceding 7 days 4.
fraud_Padberg-Welch,2020-05-27,0.8235162817425153,1,114.5960606060606,217.37,3781.67,66.0,0.0,0.0,Historical evidence only: prior 7-day average transaction amount 114.60; prior 7-day maximum transaction amount 217.37; prior 7-day total transaction amount 3781.67; prior 14-day transaction count 66; prior 14-day fraud rate 0.000000; recent 7-day transaction-count change versus the preceding 7 days 0.
fraud_Kunze Inc,2020-06-12,0.8235162817425153,1,115.55514285714287,228.09,4044.4300000000003,67.0,0.0,3.0,Historical evidence only: prior 7-day average transaction amount 115.56; prior 7-day maximum transaction amount 228.09; prior 7-day total transaction amount 4044.43; prior 14-day transaction count 67; prior 14-day fraud rate 0.000000; recent 7-day transaction-count change versus the preceding 7 days 3.
fraud_Kilback LLC,2020-05-03,0.8235088753064034,1,92.48191489361702,286.36,4346.65,102.0,0.0196078431372549,-8.0,Historical evidence only: prior 7-day average transaction amount 92.48; prior 7-day maximum transaction amount 286.36; prior 7-day total transaction amount 4346.65; prior 14-day transaction count 102; prior 14-day fraud rate 0.019608; recent 7-day transaction-count change versus the preceding 7 days -8.
"fraud_Osinski, Ledner and Leuschke",2020-05-19,0.8234911155099276,1,125.63684210526317,237.86,2387.1000000000004,51.0,0.0,-13.0,Historical evidence only: prior 7-day average transaction amount 125.64; prior 7-day maximum transaction amount 237.86; prior 7-day total transaction amount 2387.10; prior 14-day transaction count 51; prior 14-day fraud rate 0.000000; recent 7-day transaction-count change versus the preceding 7 days -13.
fraud_Hackett-Lueilwitz,2020-05-19,0.8234814936172318,1,126.89750000000001,290.67,3553.13,58.0,0.017241379310344827,-2.0,Historical evidence only: prior 7-day average transaction amount 126.90; prior 7-day maximum transaction amount 290.67; prior 7-day total transaction amount 3553.13; prior 14-day transaction count 58; prior 14-day fraud rate 0.017241; recent 7-day transaction-count change versus the preceding 7 days -2.
fraud_Doyle Ltd,2020-05-16,0.8234452208650901,1,113.804,216.28,3414.12,54.0,0.018518518518518517,6.0,Historical evidence only: prior 7-day average transaction amount 113.80; prior 7-day maximum transaction amount 216.28; prior 7-day total transaction amount 3414.12; prior 14-day transaction count 54; prior 14-day fraud rate 0.018519; recent 7-day transaction-count change versus the preceding 7 days 6.
fraud_DuBuque LLC,2020-05-19,0.8234359428375366,1,122.26457142857143,202.81,4279.26,66.0,0.015151515151515152,4.0,Historical evidence only: prior 7-day average transaction amount 122.26; prior 7-day maximum transaction amount 202.81; prior 7-day total transaction amount 4279.26; prior 14-day transaction count 66; prior 14-day fraud rate 0.015152; recent 7-day transaction-count change versus the preceding 7 days 4.
fraud_Kutch and Sons,2020-05-25,0.8234359428375366,1,126.61838709677417,224.14,3925.169999999999,63.0,0.015873015873015872,-1.0,Historical evidence only: prior 7-day average transaction amount 126.62; prior 7-day maximum transaction amount 224.14; prior 7-day total transaction amount 3925.17; prior 14-day transaction count 63; prior 14-day fraud rate 0.015873; recent 7-day transaction-count change versus the preceding 7 days -1.
fraud_Pacocha-O'Reilly,2020-05-27,0.8234359428375366,1,116.548125,217.83,3729.54,64.0,0.015625,0.0,Historical evidence only: prior 7-day average transaction amount 116.55; prior 7-day maximum transaction amount 217.83; prior 7-day total transaction amount 3729.54; prior 14-day transaction count 64; prior 14-day fraud rate 0.015625; recent 7-day transaction-count change versus the preceding 7 days 0.
fraud_McDermott-Weimann,2020-05-11,0.8234305905184375,1,97.78766666666667,216.87,2933.63,62.0,0.0,-2.0,Historical evidence only: prior 7-day average transaction amount 97.79; prior 7-day maximum transaction amount 216.87; prior 7-day total transaction amount 2933.63; prior 14-day transaction count 62; prior 14-day fraud rate 0.000000; recent 7-day transaction-count change versus the preceding 7 days -2.
fraud_Bailey-Morar,2020-05-05,0.8234271863466373,1,98.82064516129032,212.68,3063.4399999999996,50.0,0.0,12.0,Historical evidence only: prior 7-day average transaction amount 98.82; prior 7-day maximum transaction amount 212.68; prior 7-day total transaction amount 3063.44; prior 14-day transaction count 50; prior 14-day fraud rate 0.000000; recent 7-day transaction-count change versus the preceding 7 days 12.
fraud_Cormier LLC,2020-05-27,0.8234198964647373,1,52.156470588235315,369.26,2659.980000000001,102.0,0.0196078431372549,0.0,Historical evidence only: prior 7-day average transaction amount 52.16; prior 7-day maximum transaction amount 369.26; prior 7-day total transaction amount 2659.98; prior 14-day transaction count 102; prior 14-day fraud rate 0.019608; recent 7-day transaction-count change versus the preceding 7 days 0.
fraud_Padberg-Welch,2020-05-08,0.8234164677633083,1,97.76264705882352,184.71,3323.93,65.0,0.0,3.0,Historical evidence only: prior 7-day average transaction amount 97.76; prior 7-day maximum transaction amount 184.71; prior 7-day total transaction amount 3323.93; prior 14-day transaction count 65; prior 14-day fraud rate 0.000000; recent 7-day transaction-count change versus the preceding 7 days 3.
fraud_Lockman Ltd,2020-06-05,0.823359708600611,1,102.99875,199.08,3295.96,64.0,0.0,0.0,Historical evidence only: prior 7-day average transaction amount 103.00; prior 7-day maximum transaction amount 199.08; prior 7-day total transaction amount 3295.96; prior 14-day transaction count 64; prior 14-day fraud rate 0.000000; recent 7-day transaction-count change versus the preceding 7 days 0.
"fraud_Heathcote, Yost and Kertzmann",2020-06-02,0.8233463552564934,1,91.50157894736839,977.99,1738.5299999999993,37.0,0.08108108108108109,1.0,Historical evidence only: prior 7-day average transaction amount 91.50; prior 7-day maximum transaction amount 977.99; prior 7-day total transaction amount 1738.53; prior 14-day transaction count 37; prior 14-day fraud rate 0.081081; recent 7-day transaction-count change versus the preceding 7 days 1.
fraud_Bradtke PLC,2020-05-09,0.8233127214935144,1,128.76296296296294,228.27,3476.5999999999995,65.0,0.015384615384615385,-11.0,Historical evidence only: prior 7-day average transaction amount 128.76; prior 7-day maximum transaction amount 228.27; prior 7-day total transaction amount 3476.60; prior 14-day transaction count 65; prior 14-day fraud rate 0.015385; recent 7-day transaction-count change versus the preceding 7 days -11.
fraud_Hackett-Lueilwitz,2020-05-02,0.8232094043364219,1,107.955,209.6,3022.74,65.0,0.0,-9.0,Historical evidence only: prior 7-day average transaction amount 107.95; prior 7-day maximum transaction amount 209.60; prior 7-day total transaction amount 3022.74; prior 14-day transaction count 65; prior 14-day fraud rate 0.000000; recent 7-day transaction-count change versus the preceding 7 days -9.
fraud_Koepp-Witting,2020-05-05,0.8232094043364219,1,105.11071428571427,206.11,2943.0999999999995,67.0,0.0,-11.0,Historical evidence only: prior 7-day average transaction amount 105.11; prior 7-day maximum transaction amount 206.11; prior 7-day total transaction amount 2943.10; prior 14-day transaction count 67; prior 14-day fraud rate 0.000000; recent 7-day transaction-count change versus the preceding 7 days -11.
"fraud_Huel, Hammes and Witting",2020-06-04,0.8232094043364219,1,106.83857142857143,204.28,2991.48,66.0,0.0,-10.0,Historical evidence only: prior 7-day average transaction amount 106.84; prior 7-day maximum transaction amount 204.28; prior 7-day total transaction amount 2991.48; prior 14-day transaction count 66; prior 14-day fraud rate 0.000000; recent 7-day transaction-count change versus the preceding 7 days -10.
fraud_DuBuque LLC,2020-06-06,0.8232094043364219,1,107.38566666666667,229.56,3221.57,66.0,0.0,-6.0,Historical evidence only: prior 7-day average transaction amount 107.39; prior 7-day maximum transaction amount 229.56; prior 7-day total transaction amount 3221.57; prior 14-day transaction count 66; prior 14-day fraud rate 0.000000; recent 7-day transaction-count change versus the preceding 7 days -6.
fraud_Bradtke PLC,2020-06-10,0.8231433440104902,1,114.98139534883718,237.41,4944.199999999999,82.0,0.012195121951219513,4.0,Historical evidence only: prior 7-day average transaction amount 114.98; prior 7-day maximum transaction amount 237.41; prior 7-day total transaction amount 4944.20; prior 14-day transaction count 82; prior 14-day fraud rate 0.012195; recent 7-day transaction-count change versus the preceding 7 days 4.
"fraud_Mosciski, Gislason and Mertz",2020-06-10,0.8231413317608636,1,119.863,320.81,3595.89,65.0,0.03076923076923077,-5.0,Historical evidence only: prior 7-day average transaction amount 119.86; prior 7-day maximum transaction amount 320.81; prior 7-day total transaction amount 3595.89; prior 14-day transaction count 65; prior 14-day fraud rate 0.030769; recent 7-day transaction-count change versus the preceding 7 days -5.
fraud_Kiehn Inc,2020-05-31,0.8231245133261856,1,124.09307692307692,319.12,4839.63,80.0,0.025,-2.0,Historical evidence only: prior 7-day average transaction amount 124.09; prior 7-day maximum transaction amount 319.12; prior 7-day total transaction amount 4839.63; prior 14-day transaction count 80; prior 14-day fraud rate 0.025000; recent 7-day transaction-count change versus the preceding 7 days -2.
fraud_Padberg-Welch,2020-05-23,0.8230961389876029,1,105.43060606060607,210.16,3479.21,69.0,0.0,-3.0,Historical evidence only: prior 7-day average transaction amount 105.43; prior 7-day maximum transaction amount 210.16; prior 7-day total transaction amount 3479.21; prior 14-day transaction count 69; prior 14-day fraud rate 0.000000; recent 7-day transaction-count change versus the preceding 7 days -3.
fraud_Schamberger-O'Keefe,2020-06-12,0.8230961389876029,1,106.00323529411764,212.36,3604.11,70.0,0.0,-2.0,Historical evidence only: prior 7-day average transaction amount 106.00; prior 7-day maximum transaction amount 212.36; prior 7-day total transaction amount 3604.11; prior 14-day transaction count 70; prior 14-day fraud rate 0.000000; recent 7-day transaction-count change versus the preceding 7 days -2.
"fraud_Huel, Hammes and Witting",2020-05-15,0.823042567001752,1,115.98909090909092,309.2,2551.76,56.0,0.03571428571428571,-12.0,Historical evidence only: prior 7-day average transaction amount 115.99; prior 7-day maximum transaction amount 309.20; prior 7-day total transaction amount 2551.76; prior 14-day transaction count 56; prior 14-day fraud rate 0.035714; recent 7-day transaction-count change versus the preceding 7 days -12.
fraud_Kiehn-Emmerich,2020-05-13,0.8230421633613199,1,112.68,239.66,3493.0800000000004,63.0,0.0,-1.0,Historical evidence only: prior 7-day average transaction amount 112.68; prior 7-day maximum transaction amount 239.66; prior 7-day total transaction amount 3493.08; prior 14-day transaction count 63; prior 14-day fraud rate 0.000000; recent 7-day transaction-count change versus the preceding 7 days -1.
fraud_Corwin-Gorczany,2020-05-05,0.8229678081054851,1,18.805882352941175,111.22,319.7,36.0,0.027777777777777776,-2.0,Historical evidence only: prior 7-day average transaction amount 18.81; prior 7-day maximum transaction amount 111.22; prior 7-day total transaction amount 319.70; prior 14-day transaction count 36; prior 14-day fraud rate 0.027778; recent 7-day transaction-count change versus the preceding 7 days -2.
fraud_Kuhic Inc,2020-05-26,0.8229277102154448,1,113.34107142857144,234.91,3173.55,54.0,0.0,2.0,Historical evidence only: prior 7-day average transaction amount 113.34; prior 7-day maximum transaction amount 234.91; prior 7-day total transaction amount 3173.55; prior 14-day transaction count 54; prior 14-day fraud rate 0.000000; recent 7-day transaction-count change versus the preceding 7 days 2.
"fraud_Rowe, Batz and Goodwin",2020-05-12,0.822850796032292,1,102.73333333333333,232.88,2773.8,50.0,0.0,4.0,Historical evidence only: prior 7-day average transaction amount 102.73; prior 7-day maximum transaction amount 232.88; prior 7-day total transaction amount 2773.80; prior 14-day transaction count 50; prior 14-day fraud rate 0.000000; recent 7-day transaction-count change versus the preceding 7 days 4.
fraud_Kutch and Sons,2020-05-15,0.8227836801778318,1,129.62441176470588,392.35,4407.23,81.0,0.037037037037037035,-13.0,Historical evidence only: prior 7-day average transaction amount 129.62; prior 7-day maximum transaction amount 392.35; prior 7-day total transaction amount 4407.23; prior 14-day transaction count 81; prior 14-day fraud rate 0.037037; recent 7-day transaction-count change versus the preceding 7 days -13.
fraud_Pacocha-O'Reilly,2020-06-10,0.8227505339618392,1,99.966,228.44,2998.98,67.0,0.0,-7.0,Historical evidence only: prior 7-day average transaction amount 99.97; prior 7-day maximum transaction amount 228.44; prior 7-day total transaction amount 2998.98; prior 14-day transaction count 67; prior 14-day fraud rate 0.000000; recent 7-day transaction-count change versus the preceding 7 days -7.
fraud_Bradtke PLC,2020-05-19,0.8227407588709019,1,132.65571428571428,234.64,2785.77,49.0,0.0,-7.0,Historical evidence only: prior 7-day average transaction amount 132.66; prior 7-day maximum transaction amount 234.64; prior 7-day total transaction amount 2785.77; prior 14-day transaction count 49; prior 14-day fraud rate 0.000000; recent 7-day transaction-count change versus the preceding 7 days -7.
fraud_Denesik and Sons,2020-05-26,0.8227393866500852,1,130.62384615384613,954.94,3396.2199999999993,53.0,0.03773584905660377,-1.0,Historical evidence only: prior 7-day average transaction amount 130.62; prior 7-day maximum transaction amount 954.94; prior 7-day total transaction amount 3396.22; prior 14-day transaction count 53; prior 14-day fraud rate 0.037736; recent 7-day transaction-count change versus the preceding 7 days -1.
fraud_Strosin-Cruickshank,2020-05-03,0.8227360018735053,1,112.63111111111111,227.49,3041.04,54.0,0.0,0.0,Historical evidence only: prior 7-day average transaction amount 112.63; prior 7-day maximum transaction amount 227.49; prior 7-day total transaction amount 3041.04; prior 14-day transaction count 54; prior 14-day fraud rate 0.000000; recent 7-day transaction-count change versus the preceding 7 days 0.
fraud_Strosin-Cruickshank,2020-05-04,0.8227360018735053,1,111.09000000000002,227.49,3110.5200000000004,54.0,0.0,2.0,Historical evidence only: prior 7-day average transaction amount 111.09; prior 7-day maximum transaction amount 227.49; prior 7-day total transaction amount 3110.52; prior 14-day transaction count 54; prior 14-day fraud rate 0.000000; recent 7-day transaction-count change versus the preceding 7 days 2.
fraud_Kuhic Inc,2020-05-23,0.8227360018735053,1,113.43357142857143,213.57,3176.14,54.0,0.0,2.0,Historical evidence only: prior 7-day average transaction amount 113.43; prior 7-day maximum transaction amount 213.57; prior 7-day total transaction amount 3176.14; prior 14-day transaction count 54; prior 14-day fraud rate 0.000000; recent 7-day transaction-count change versus the preceding 7 days 2.
fraud_Kuhic Inc,2020-05-25,0.8227360018735053,1,109.23857142857143,213.57,3058.6800000000003,53.0,0.0,3.0,Historical evidence only: prior 7-day average transaction amount 109.24; prior 7-day maximum transaction amount 213.57; prior 7-day total transaction amount 3058.68; prior 14-day transaction count 53; prior 14-day fraud rate 0.000000; recent 7-day transaction-count change versus the preceding 7 days 3.
fraud_DuBuque LLC,2020-05-27,0.8227349694024869,1,120.81431818181818,217.6,5315.83,80.0,0.0,8.0,Historical evidence only: prior 7-day average transaction amount 120.81; prior 7-day maximum transaction amount 217.60; prior 7-day total transaction amount 5315.83; prior 14-day transaction count 80; prior 14-day fraud rate 0.000000; recent 7-day transaction-count change versus the preceding 7 days 8.
"fraud_Heathcote, Yost and Kertzmann",2020-06-01,0.8227214322411641,1,121.10789473684207,977.99,2301.0499999999993,42.0,0.07142857142857142,-4.0,Historical evidence only: prior 7-day average transaction amount 121.11; prior 7-day maximum transaction amount 977.99; prior 7-day total transaction amount 2301.05; prior 14-day transaction count 42; prior 14-day fraud rate 0.071429; recent 7-day transaction-count change versus the preceding 7 days -4.
"fraud_Rowe, Batz and Goodwin",2020-06-02,0.8227204866638723,1,121.42184210526315,214.63,4614.03,64.0,0.015625,12.0,Historical evidence only: prior 7-day average transaction amount 121.42; prior 7-day maximum transaction amount 214.63; prior 7-day total transaction amount 4614.03; prior 14-day transaction count 64; prior 14-day fraud rate 0.015625; recent 7-day transaction-count change versus the preceding 7 days 12.
"fraud_Langworth, Boehm and Gulgowski",2020-05-16,0.8226294478080872,1,27.2088,180.63,680.22,56.0,0.05357142857142857,-6.0,Historical evidence only: prior 7-day average transaction amount 27.21; prior 7-day maximum transaction amount 180.63; prior 7-day total transaction amount 680.22; prior 14-day transaction count 56; prior 14-day fraud rate 0.053571; recent 7-day transaction-count change versus the preceding 7 days -6.
fraud_Bradtke PLC,2020-05-22,0.8225982292693113,1,127.32269230769231,234.64,3310.39,52.0,0.0,0.0,Historical evidence only: prior 7-day average transaction amount 127.32; prior 7-day maximum transaction amount 234.64; prior 7-day total transaction amount 3310.39; prior 14-day transaction count 52; prior 14-day fraud rate 0.000000; recent 7-day transaction-count change versus the preceding 7 days 0.
"fraud_Lockman, West and Runte",2020-05-03,0.8225892135693266,1,119.18884615384614,220.81,3098.91,61.0,0.03278688524590164,-9.0,Historical evidence only: prior 7-day average transaction amount 119.19; prior 7-day maximum transaction amount 220.81; prior 7-day total transaction amount 3098.91; prior 14-day transaction count 61; prior 14-day fraud rate 0.032787; recent 7-day transaction-count change versus the preceding 7 days -9.
fraud_Bradtke PLC,2020-05-06,0.8225892135693266,1,111.89115384615386,227.72,2909.17,64.0,0.03125,-12.0,Historical evidence only: prior 7-day average transaction amount 111.89; prior 7-day maximum transaction amount 227.72; prior 7-day total transaction amount 2909.17; prior 14-day transaction count 64; prior 14-day fraud rate 0.031250; recent 7-day transaction-count change versus the preceding 7 days -12.
fraud_Bradtke PLC,2020-05-07,0.8225892135693266,1,111.45074074074074,227.72,3009.17,64.0,0.03125,-10.0,Historical evidence only: prior 7-day average transaction amount 111.45; prior 7-day maximum transaction amount 227.72; prior 7-day total transaction amount 3009.17; prior 14-day transaction count 64; prior 14-day fraud rate 0.031250; recent 7-day transaction-count change versus the preceding 7 days -10.
fraud_Bradtke PLC,2020-05-08,0.8225892135693266,1,120.79037037037038,227.72,3261.34,61.0,0.03278688524590164,-7.0,Historical evidence only: prior 7-day average transaction amount 120.79; prior 7-day maximum transaction amount 227.72; prior 7-day total transaction amount 3261.34; prior 14-day transaction count 61; prior 14-day fraud rate 0.032787; recent 7-day transaction-count change versus the preceding 7 days -7.
fraud_Kutch and Sons,2020-05-23,0.8225892135693266,1,127.2833333333333,200.71,3436.649999999999,63.0,0.031746031746031744,-9.0,Historical evidence only: prior 7-day average transaction amount 127.28; prior 7-day maximum transaction amount 200.71; prior 7-day total transaction amount 3436.65; prior 14-day transaction count 63; prior 14-day fraud rate 0.031746; recent 7-day transaction-count change versus the preceding 7 days -9.
fraud_Medhurst PLC,2020-05-15,0.8225402930820097,1,184.5605555555555,1045.55,3322.0899999999992,41.0,0.04878048780487805,-5.0,Historical evidence only: prior 7-day average transaction amount 184.56; prior 7-day maximum transaction amount 1045.55; prior 7-day total transaction amount 3322.09; prior 14-day transaction count 41; prior 14-day fraud rate 0.048780; recent 7-day transaction-count change versus the preceding 7 days -5.
fraud_Cole PLC,2020-05-01,0.8224472994885098,1,108.04187499999999,218.33,3457.3399999999997,65.0,0.015384615384615385,-1.0,Historical evidence only: prior 7-day average transaction amount 108.04; prior 7-day maximum transaction amount 218.33; prior 7-day total transaction amount 3457.34; prior 14-day transaction count 65; prior 14-day fraud rate 0.015385; recent 7-day transaction-count change versus the preceding 7 days -1.
fraud_Koepp-Parker,2020-05-07,0.8224062411944769,1,123.58857142857144,218.99,3460.4800000000005,56.0,0.0,0.0,Historical evidence only: prior 7-day average transaction amount 123.59; prior 7-day maximum transaction amount 218.99; prior 7-day total transaction amount 3460.48; prior 14-day transaction count 56; prior 14-day fraud rate 0.000000; recent 7-day transaction-count change versus the preceding 7 days 0.
fraud_Kiehn-Emmerich,2020-05-09,0.8224062411944769,1,122.0893103448276,211.27,3540.59,56.0,0.0,2.0,Historical evidence only: prior 7-day average transaction amount 122.09; prior 7-day maximum transaction amount 211.27; prior 7-day total transaction amount 3540.59; prior 14-day transaction count 56; prior 14-day fraud rate 0.000000; recent 7-day transaction-count change versus the preceding 7 days 2.
fraud_Koepp-Parker,2020-05-10,0.8224062411944769,1,123.57296296296298,215.75,3336.4700000000003,56.0,0.0,-2.0,Historical evidence only: prior 7-day average transaction amount 123.57; prior 7-day maximum transaction amount 215.75; prior 7-day total transaction amount 3336.47; prior 14-day transaction count 56; prior 14-day fraud rate 0.000000; recent 7-day transaction-count change versus the preceding 7 days -2.
fraud_Kiehn-Emmerich,2020-05-11,0.8224062411944769,1,118.17172413793104,211.27,3426.98,55.0,0.0,3.0,Historical evidence only: prior 7-day average transaction amount 118.17; prior 7-day maximum transaction amount 211.27; prior 7-day total transaction amount 3426.98; prior 14-day transaction count 55; prior 14-day fraud rate 0.000000; recent 7-day transaction-count change versus the preceding 7 days 3.
fraud_Kuhic Inc,2020-06-05,0.8224062411944769,1,124.99,216.56,3624.71,55.0,0.0,3.0,Historical evidence only: prior 7-day average transaction amount 124.99; prior 7-day maximum transaction amount 216.56; prior 7-day total transaction amount 3624.71; prior 14-day transaction count 55; prior 14-day fraud rate 0.000000; recent 7-day transaction-count change versus the preceding 7 days 3.
fraud_Miller-Hauck,2020-05-19,0.8223979184259786,1,100.25115384615385,218.66,2606.53,56.0,0.0,-4.0,Historical evidence only: prior 7-day average transaction amount 100.25; prior 7-day maximum transaction amount 218.66; prior 7-day total transaction amount 2606.53; prior 14-day transaction count 56; prior 14-day fraud rate 0.000000; recent 7-day transaction-count change versus the preceding 7 days -4.
fraud_Cormier LLC,2020-05-29,0.8223360785924764,1,74.10884615384617,977.39,3853.6600000000008,107.0,0.009345794392523364,-3.0,Historical evidence only: prior 7-day average transaction amount 74.11; prior 7-day maximum transaction amount 977.39; prior 7-day total transaction amount 3853.66; prior 14-day transaction count 107; prior 14-day fraud rate 0.009346; recent 7-day transaction-count change versus the preceding 7 days -3.
fraud_Kiehn Inc,2020-05-17,0.8223333934760135,1,100.42666666666668,150.81,2711.5200000000004,59.0,0.0,-5.0,Historical evidence only: prior 7-day average transaction amount 100.43; prior 7-day maximum transaction amount 150.81; prior 7-day total transaction amount 2711.52; prior 14-day transaction count 59; prior 14-day fraud rate 0.000000; recent 7-day transaction-count change versus the preceding 7 days -5.
fraud_Miller-Hauck,2020-05-16,0.8222761680302672,1,103.39034482758622,210.99,2998.32,56.0,0.0,2.0,Historical evidence only: prior 7-day average transaction amount 103.39; prior 7-day maximum transaction amount 210.99; prior 7-day total transaction amount 2998.32; prior 14-day transaction count 56; prior 14-day fraud rate 0.000000; recent 7-day transaction-count change versus the preceding 7 days 2.
fraud_Hackett-Lueilwitz,2020-05-25,0.8221552762527192,1,115.69472222222223,219.47,4165.01,59.0,0.01694915254237288,13.0,Historical evidence only: prior 7-day average transaction amount 115.69; prior 7-day maximum transaction amount 219.47; prior 7-day total transaction amount 4165.01; prior 14-day transaction count 59; prior 14-day fraud rate 0.016949; recent 7-day transaction-count change versus the preceding 7 days 13.
"fraud_Rowe, Batz and Goodwin",2020-06-01,0.8221552762527192,1,117.91257142857141,214.63,4126.94,63.0,0.015873015873015872,7.0,Historical evidence only: prior 7-day average transaction amount 117.91; prior 7-day maximum transaction amount 214.63; prior 7-day total transaction amount 4126.94; prior 14-day transaction count 63; prior 14-day fraud rate 0.015873; recent 7-day transaction-count change versus the preceding 7 days 7.
"fraud_Schoen, Kuphal and Nitzsche",2020-06-08,0.8221552762527192,1,110.02947368421053,218.72,4181.12,62.0,0.016129032258064516,14.0,Historical evidence only: prior 7-day average transaction amount 110.03; prior 7-day maximum transaction amount 218.72; prior 7-day total transaction amount 4181.12; prior 14-day transaction count 62; prior 14-day fraud rate 0.016129; recent 7-day transaction-count change versus the preceding 7 days 14.
"fraud_Goldner, Kovacek and Abbott",2020-05-02,0.8221414158790917,1,127.55625,334.48,4081.8,61.0,0.04918032786885246,3.0,Historical evidence only: prior 7-day average transaction amount 127.56; prior 7-day maximum transaction amount 334.48; prior 7-day total transaction amount 4081.80; prior 14-day transaction count 61; prior 14-day fraud rate 0.049180; recent 7-day transaction-count change versus the preceding 7 days 3.
"fraud_Goldner, Kovacek and Abbott",2020-05-03,0.8221414158790917,1,122.684375,334.48,3925.9,62.0,0.04838709677419355,2.0,Historical evidence only: prior 7-day average transaction amount 122.68; prior 7-day maximum transaction amount 334.48; prior 7-day total transaction amount 3925.90; prior 14-day transaction count 62; prior 14-day fraud rate 0.048387; recent 7-day transaction-count change versus the preceding 7 days 2.
"fraud_Osinski, Ledner and Leuschke",2020-05-13,0.8221060655592448,1,112.63888888888889,234.97,3041.25,50.0,0.0,4.0,Historical evidence only: prior 7-day average transaction amount 112.64; prior 7-day maximum transaction amount 234.97; prior 7-day total transaction amount 3041.25; prior 14-day transaction count 50; prior 14-day fraud rate 0.000000; recent 7-day transaction-count change versus the preceding 7 days 4.
fraud_Kilback LLC,2020-05-01,0.8220714539443609,1,98.32021276595745,286.36,4621.05,106.0,0.018867924528301886,-12.0,Historical evidence only: prior 7-day average transaction amount 98.32; prior 7-day maximum transaction amount 286.36; prior 7-day total transaction amount 4621.05; prior 14-day transaction count 106; prior 14-day fraud rate 0.018868; recent 7-day transaction-count change versus the preceding 7 days -12.
fraud_Hackett-Lueilwitz,2020-05-03,0.822041487493387,1,103.633,209.6,3108.99,65.0,0.0,-5.0,Historical evidence only: prior 7-day average transaction amount 103.63; prior 7-day maximum transaction amount 209.60; prior 7-day total transaction amount 3108.99; prior 14-day transaction count 65; prior 14-day fraud rate 0.000000; recent 7-day transaction-count change versus the preceding 7 days -5.
fraud_Boyer PLC,2020-05-25,0.8219726502662172,1,99.73632653061226,990.3,4887.080000000001,87.0,0.022988505747126436,11.0,Historical evidence only: prior 7-day average transaction amount 99.74; prior 7-day maximum transaction amount 990.30; prior 7-day total transaction amount 4887.08; prior 14-day transaction count 87; prior 14-day fraud rate 0.022989; recent 7-day transaction-count change versus the preceding 7 days 11.
fraud_Bogisich Inc,2020-05-07,0.8219516358096339,1,111.5358064516129,220.58,3457.6099999999997,61.0,0.0,1.0,Historical evidence only: prior 7-day average transaction amount 111.54; prior 7-day maximum transaction amount 220.58; prior 7-day total transaction amount 3457.61; prior 14-day transaction count 61; prior 14-day fraud rate 0.000000; recent 7-day transaction-count change versus the preceding 7 days 1.
fraud_Kiehn-Emmerich,2020-05-07,0.8219516358096339,1,114.34064516129033,211.27,3544.56,61.0,0.0,1.0,Historical evidence only: prior 7-day average transaction amount 114.34; prior 7-day maximum transaction amount 211.27; prior 7-day total transaction amount 3544.56; prior 14-day transaction count 61; prior 14-day fraud rate 0.000000; recent 7-day transaction-count change versus the preceding 7 days 1.
fraud_Bogisich Inc,2020-05-08,0.8219516358096339,1,111.7471875,220.58,3575.91,63.0,0.0,1.0,Historical evidence only: prior 7-day average transaction amount 111.75; prior 7-day maximum transaction amount 220.58; prior 7-day total transaction amount 3575.91; prior 14-day transaction count 63; prior 14-day fraud rate 0.000000; recent 7-day transaction-count change versus the preceding 7 days 1.
fraud_McDermott-Weimann,2020-05-08,0.8219516358096339,1,112.5778125,236.63,3602.49,60.0,0.0,4.0,Historical evidence only: prior 7-day average transaction amount 112.58; prior 7-day maximum transaction amount 236.63; prior 7-day total transaction amount 3602.49; prior 14-day transaction count 60; prior 14-day fraud rate 0.000000; recent 7-day transaction-count change versus the preceding 7 days 4.
fraud_Barton Inc,2020-05-13,0.8219516358096339,1,115.45266666666667,215.14,3463.5800000000004,59.0,0.0,1.0,Historical evidence only: prior 7-day average transaction amount 115.45; prior 7-day maximum transaction amount 215.14; prior 7-day total transaction amount 3463.58; prior 14-day transaction count 59; prior 14-day fraud rate 0.000000; recent 7-day transaction-count change versus the preceding 7 days 1.
"fraud_Lockman, West and Runte",2020-05-14,0.8219516358096339,1,114.0684375,219.43,3650.19,62.0,0.0,2.0,Historical evidence only: prior 7-day average transaction amount 114.07; prior 7-day maximum transaction amount 219.43; prior 7-day total transaction amount 3650.19; prior 14-day transaction count 62; prior 14-day fraud rate 0.000000; recent 7-day transaction-count change versus the preceding 7 days 2.
fraud_Kunze Inc,2020-06-10,0.8219516358096339,1,114.78433333333334,228.09,3443.53,62.0,0.0,-2.0,Historical evidence only: prior 7-day average transaction amount 114.78; prior 7-day maximum transaction amount 228.09; prior 7-day total transaction amount 3443.53; prior 14-day transaction count 62; prior 14-day fraud rate 0.000000; recent 7-day transaction-count change versus the preceding 7 days -2.
fraud_Schamberger-O'Keefe,2020-05-21,0.8219482092898381,1,112.79766666666666,215.17,3383.93,54.0,0.0,6.0,Historical evidence only: prior 7-day average transaction amount 112.80; prior 7-day maximum transaction amount 215.17; prior 7-day total transaction amount 3383.93; prior 14-day transaction count 54; prior 14-day fraud rate 0.000000; recent 7-day transaction-count change versus the preceding 7 days 6.
"fraud_Schultz, Simonis and Little",2020-05-08,0.8218956656212052,1,114.30030303030303,219.91,3771.91,70.0,0.0,-4.0,Historical evidence only: prior 7-day average transaction amount 114.30; prior 7-day maximum transaction amount 219.91; prior 7-day total transaction amount 3771.91; prior 14-day transaction count 70; prior 14-day fraud rate 0.000000; recent 7-day transaction-count change versus the preceding 7 days -4.
fraud_McDermott-Weimann,2020-05-02,0.8218887054347183,1,118.76137931034482,236.63,3444.08,56.0,0.0,2.0,Historical evidence only: prior 7-day average transaction amount 118.76; prior 7-day maximum transaction amount 236.63; prior 7-day total transaction amount 3444.08; prior 14-day transaction count 56; prior 14-day fraud rate 0.000000; recent 7-day transaction-count change versus the preceding 7 days 2.
fraud_McDermott-Weimann,2020-06-01,0.821887376436592,1,103.13325581395348,222.06,4434.73,76.0,0.0,10.0,Historical evidence only: prior 7-day average transaction amount 103.13; prior 7-day maximum transaction amount 222.06; prior 7-day total transaction amount 4434.73; prior 14-day transaction count 76; prior 14-day fraud rate 0.000000; recent 7-day transaction-count change versus the preceding 7 days 10.
fraud_DuBuque LLC,2020-06-04,0.8218790702322936,1,103.04464285714286,229.56,2885.25,72.0,0.0,-16.0,Historical evidence only: prior 7-day average transaction amount 103.04; prior 7-day maximum transaction amount 229.56; prior 7-day total transaction amount 2885.25; prior 14-day transaction count 72; prior 14-day fraud rate 0.000000; recent 7-day transaction-count change versus the preceding 7 days -16.
fraud_Boyer PLC,2020-05-28,0.8218672831069649,1,100.61000000000003,990.3,5734.770000000001,106.0,0.018867924528301886,8.0,Historical evidence only: prior 7-day average transaction amount 100.61; prior 7-day maximum transaction amount 990.30; prior 7-day total transaction amount 5734.77; prior 14-day transaction count 106; prior 14-day fraud rate 0.018868; recent 7-day transaction-count change versus the preceding 7 days 8.
fraud_Padberg-Welch,2020-05-10,0.821787038613919,1,97.70862068965518,184.71,2833.55,65.0,0.0,-7.0,Historical evidence only: prior 7-day average transaction amount 97.71; prior 7-day maximum transaction amount 184.71; prior 7-day total transaction amount 2833.55; prior 14-day transaction count 65; prior 14-day fraud rate 0.000000; recent 7-day transaction-count change versus the preceding 7 days -7.
"fraud_Huel, Hammes and Witting",2020-05-04,0.8217818581489579,1,115.55972972972972,213.14,4275.71,65.0,0.0,9.0,Historical evidence only: prior 7-day average transaction amount 115.56; prior 7-day maximum transaction amount 213.14; prior 7-day total transaction amount 4275.71; prior 14-day transaction count 65; prior 14-day fraud rate 0.000000; recent 7-day transaction-count change versus the preceding 7 days 9.
fraud_Kiehn Inc,2020-05-20,0.8217818581489579,1,109.66051282051282,221.51,4276.76,64.0,0.0,14.0,Historical evidence only: prior 7-day average transaction amount 109.66; prior 7-day maximum transaction amount 221.51; prior 7-day total transaction amount 4276.76; prior 14-day transaction count 64; prior 14-day fraud rate 0.000000; recent 7-day transaction-count change versus the preceding 7 days 14.
"fraud_Goldner, Kovacek and Abbott",2020-05-27,0.8217818581489579,1,113.02970588235294,232.66,3843.01,63.0,0.0,5.0,Historical evidence only: prior 7-day average transaction amount 113.03; prior 7-day maximum transaction amount 232.66; prior 7-day total transaction amount 3843.01; prior 14-day transaction count 63; prior 14-day fraud rate 0.000000; recent 7-day transaction-count change versus the preceding 7 days 5.
"fraud_Huel, Hammes and Witting",2020-05-27,0.8217818581489579,1,108.73599999999998,211.87,3805.7599999999993,62.0,0.0,8.0,Historical evidence only: prior 7-day average transaction amount 108.74; prior 7-day maximum transaction amount 211.87; prior 7-day total transaction amount 3805.76; prior 14-day transaction count 62; prior 14-day fraud rate 0.000000; recent 7-day transaction-count change versus the preceding 7 days 8.
fraud_Kutch and Sons,2020-05-30,0.8217818581489579,1,113.30352941176469,224.14,3852.3199999999993,61.0,0.0,7.0,Historical evidence only: prior 7-day average transaction amount 113.30; prior 7-day maximum transaction amount 224.14; prior 7-day total transaction amount 3852.32; prior 14-day transaction count 61; prior 14-day fraud rate 0.000000; recent 7-day transaction-count change versus the preceding 7 days 7.
fraud_Schamberger-O'Keefe,2020-06-02,0.8217818581489579,1,112.50800000000001,220.0,3937.78,64.0,0.0,6.0,Historical evidence only: prior 7-day average transaction amount 112.51; prior 7-day maximum transaction amount 220.00; prior 7-day total transaction amount 3937.78; prior 14-day transaction count 64; prior 14-day fraud rate 0.000000; recent 7-day transaction-count change versus the preceding 7 days 6.
fraud_Schamberger-O'Keefe,2020-06-05,0.8217818581489579,1,115.22527777777779,232.61,4148.110000000001,65.0,0.0,7.0,Historical evidence only: prior 7-day average transaction amount 115.23; prior 7-day maximum transaction amount 232.61; prior 7-day total transaction amount 4148.11; prior 14-day transaction count 65; prior 14-day fraud rate 0.000000; recent 7-day transaction-count change versus the preceding 7 days 7.
fraud_Padberg-Welch,2020-05-26,0.821778167223452,1,107.85264705882352,217.37,3666.99,72.0,0.0,-4.0,Historical evidence only: prior 7-day average transaction amount 107.85; prior 7-day maximum transaction amount 217.37; prior 7-day total transaction amount 3666.99; prior 14-day transaction count 72; prior 14-day fraud rate 0.000000; recent 7-day transaction-count change versus the preceding 7 days -4.
fraud_Koepp-Witting,2020-05-03,0.8217736455358636,1,114.84970588235292,207.53,3904.8899999999994,70.0,0.0,-2.0,Historical evidence only: prior 7-day average transaction amount 114.85; prior 7-day maximum transaction amount 207.53; prior 7-day total transaction amount 3904.89; prior 14-day transaction count 70; prior 14-day fraud rate 0.000000; recent 7-day transaction-count change versus the preceding 7 days -2.
"fraud_Moen, Reinger and Murphy",2020-05-29,0.8217736455358636,1,114.94297297297295,221.29,4252.889999999999,72.0,0.0,2.0,Historical evidence only: prior 7-day average transaction amount 114.94; prior 7-day maximum transaction amount 221.29; prior 7-day total transaction amount 4252.89; prior 14-day transaction count 72; prior 14-day fraud rate 0.000000; recent 7-day transaction-count change versus the preceding 7 days 2.
fraud_Cole PLC,2020-06-13,0.8217736455358636,1,109.01388888888889,207.77,3924.5,74.0,0.0,-2.0,Historical evidence only: prior 7-day average transaction amount 109.01; prior 7-day maximum transaction amount 207.77; prior 7-day total transaction amount 3924.50; prior 14-day transaction count 74; prior 14-day fraud rate 0.000000; recent 7-day transaction-count change versus the preceding 7 days -2.
fraud_Koepp-Parker,2020-05-04,0.8216961159371483,1,117.25827586206896,218.99,3400.49,55.0,0.0,3.0,Historical evidence only: prior 7-day average transaction amount 117.26; prior 7-day maximum transaction amount 218.99; prior 7-day total transaction amount 3400.49; prior 14-day transaction count 55; prior 14-day fraud rate 0.000000; recent 7-day transaction-count change versus the preceding 7 days 3.
fraud_Koepp-Parker,2020-05-06,0.8216961159371483,1,125.76517241379311,218.99,3647.19,56.0,0.0,2.0,Historical evidence only: prior 7-day average transaction amount 125.77; prior 7-day maximum transaction amount 218.99; prior 7-day total transaction amount 3647.19; prior 14-day transaction count 56; prior 14-day fraud rate 0.000000; recent 7-day transaction-count change versus the preceding 7 days 2.
fraud_Schamberger-O'Keefe,2020-05-27,0.8216961159371483,1,118.04107142857143,213.77,3305.15,55.0,0.0,1.0,Historical evidence only: prior 7-day average transaction amount 118.04; prior 7-day maximum transaction amount 213.77; prior 7-day total transaction amount 3305.15; prior 14-day transaction count 55; prior 14-day fraud rate 0.000000; recent 7-day transaction-count change versus the preceding 7 days 1.
"fraud_Schumm, Bauch and Ondricka",2020-05-13,0.8216407439883964,1,128.99783783783784,293.71,4772.92,78.0,0.01282051282051282,-4.0,Historical evidence only: prior 7-day average transaction amount 129.00; prior 7-day maximum transaction amount 293.71; prior 7-day total transaction amount 4772.92; prior 14-day transaction count 78; prior 14-day fraud rate 0.012821; recent 7-day transaction-count change versus the preceding 7 days -4.
"fraud_Casper, Hand and Zulauf",2020-06-11,0.821607558121392,1,114.09871794871796,216.64,4449.85,78.0,0.0,0.0,Historical evidence only: prior 7-day average transaction amount 114.10; prior 7-day maximum transaction amount 216.64; prior 7-day total transaction amount 4449.85; prior 14-day transaction count 78; prior 14-day fraud rate 0.000000; recent 7-day transaction-count change versus the preceding 7 days 0.
fraud_Kuhic Inc,2020-05-16,0.8215656355094572,1,100.16692307692308,224.66,2604.34,52.0,0.0,0.0,Historical evidence only: prior 7-day average transaction amount 100.17; prior 7-day maximum transaction amount 224.66; prior 7-day total transaction amount 2604.34; prior 14-day transaction count 52; prior 14-day fraud rate 0.000000; recent 7-day transaction-count change versus the preceding 7 days 0.
"fraud_Huel, Hammes and Witting",2020-05-31,0.8215593363216763,1,98.80225806451614,207.44,3062.8700000000003,65.0,0.0,-3.0,Historical evidence only: prior 7-day average transaction amount 98.80; prior 7-day maximum transaction amount 207.44; prior 7-day total transaction amount 3062.87; prior 14-day transaction count 65; prior 14-day fraud rate 0.000000; recent 7-day transaction-count change versus the preceding 7 days -3.
fraud_McDermott-Weimann,2020-05-07,0.8214864465792198,1,115.43606060606062,236.63,3809.3900000000003,62.0,0.0,4.0,Historical evidence only: prior 7-day average transaction amount 115.44; prior 7-day maximum transaction amount 236.63; prior 7-day total transaction amount 3809.39; prior 14-day transaction count 62; prior 14-day fraud rate 0.000000; recent 7-day transaction-count change versus the preceding 7 days 4.
fraud_Kunze Inc,2020-05-19,0.8214661827273558,1,113.145,266.26,2941.77,62.0,0.03225806451612903,-10.0,Historical evidence only: prior 7-day average transaction amount 113.14; prior 7-day maximum transaction amount 266.26; prior 7-day total transaction amount 2941.77; prior 14-day transaction count 62; prior 14-day fraud rate 0.032258; recent 7-day transaction-count change versus the preceding 7 days -10.
"fraud_Osinski, Ledner and Leuschke",2020-05-10,0.821429628576097,1,112.95733333333332,234.97,3388.72,51.0,0.0,9.0,Historical evidence only: prior 7-day average transaction amount 112.96; prior 7-day maximum transaction amount 234.97; prior 7-day total transaction amount 3388.72; prior 14-day transaction count 51; prior 14-day fraud rate 0.000000; recent 7-day transaction-count change versus the preceding 7 days 9.
fraud_Bogisich Inc,2020-05-19,0.8213106541433998,1,102.72884615384615,183.53,2670.95,53.0,0.0,-1.0,Historical evidence only: prior 7-day average transaction amount 102.73; prior 7-day maximum transaction amount 183.53; prior 7-day total transaction amount 2670.95; prior 14-day transaction count 53; prior 14-day fraud rate 0.000000; recent 7-day transaction-count change versus the preceding 7 days -1.
fraud_Kutch and Sons,2020-05-24,0.821281053171184,1,126.89846153846153,200.71,3299.3599999999997,62.0,0.016129032258064516,-10.0,Historical evidence only: prior 7-day average transaction amount 126.90; prior 7-day maximum transaction amount 200.71; prior 7-day total transaction amount 3299.36; prior 14-day transaction count 62; prior 14-day fraud rate 0.016129; recent 7-day transaction-count change versus the preceding 7 days -10.
fraud_Medhurst PLC,2020-05-19,0.8212664808659278,1,158.687619047619,991.91,3332.4399999999987,43.0,0.06976744186046512,-1.0,Historical evidence only: prior 7-day average transaction amount 158.69; prior 7-day maximum transaction amount 991.91; prior 7-day total transaction amount 3332.44; prior 14-day transaction count 43; prior 14-day fraud rate 0.069767; recent 7-day transaction-count change versus the preceding 7 days -1.
fraud_Koepp-Parker,2020-05-22,0.8212527271615039,1,114.05344827586205,198.06,3307.5499999999997,68.0,0.014705882352941176,-10.0,Historical evidence only: prior 7-day average transaction amount 114.05; prior 7-day maximum transaction amount 198.06; prior 7-day total transaction amount 3307.55; prior 14-day transaction count 68; prior 14-day fraud rate 0.014706; recent 7-day transaction-count change versus the preceding 7 days -10.
fraud_Bogisich Inc,2020-05-05,0.8212400878870171,1,112.98387096774194,220.58,3502.5,60.0,0.0,2.0,Historical evidence only: prior 7-day average transaction amount 112.98; prior 7-day maximum transaction amount 220.58; prior 7-day total transaction amount 3502.50; prior 14-day transaction count 60; prior 14-day fraud rate 0.000000; recent 7-day transaction-count change versus the preceding 7 days 2.
fraud_Bogisich Inc,2020-05-06,0.8212400878870171,1,113.71354838709676,220.58,3525.12,60.0,0.0,2.0,Historical evidence only: prior 7-day average transaction amount 113.71; prior 7-day maximum transaction amount 220.58; prior 7-day total transaction amount 3525.12; prior 14-day transaction count 60; prior 14-day fraud rate 0.000000; recent 7-day transaction-count change versus the preceding 7 days 2.
fraud_Strosin-Cruickshank,2020-05-15,0.8212400878870171,1,113.8075,204.8,3641.84,61.0,0.0,3.0,Historical evidence only: prior 7-day average transaction amount 113.81; prior 7-day maximum transaction amount 204.80; prior 7-day total transaction amount 3641.84; prior 14-day transaction count 61; prior 14-day fraud rate 0.000000; recent 7-day transaction-count change versus the preceding 7 days 3.
fraud_McDermott-Weimann,2020-05-24,0.8212400878870171,1,115.57032258064514,225.54,3582.6799999999994,58.0,0.0,4.0,Historical evidence only: prior 7-day average transaction amount 115.57; prior 7-day maximum transaction amount 225.54; prior 7-day total transaction amount 3582.68; prior 14-day transaction count 58; prior 14-day fraud rate 0.000000; recent 7-day transaction-count change versus the preceding 7 days 4.
fraud_Kuhic Inc,2020-05-31,0.8212400878870171,1,109.97212121212121,234.91,3629.08,62.0,0.0,4.0,Historical evidence only: prior 7-day average transaction amount 109.97; prior 7-day maximum transaction amount 234.91; prior 7-day total transaction amount 3629.08; prior 14-day transaction count 62; prior 14-day fraud rate 0.000000; recent 7-day transaction-count change versus the preceding 7 days 4.
fraud_DuBuque LLC,2020-06-08,0.8212400878870171,1,114.1065625,206.73,3651.41,63.0,0.0,1.0,Historical evidence only: prior 7-day average transaction amount 114.11; prior 7-day maximum transaction amount 206.73; prior 7-day total transaction amount 3651.41; prior 14-day transaction count 63; prior 14-day fraud rate 0.000000; recent 7-day transaction-count change versus the preceding 7 days 1.
fraud_Kunze Inc,2020-06-09,0.8212400878870171,1,109.9296875,228.09,3517.75,64.0,0.0,0.0,Historical evidence only: prior 7-day average transaction amount 109.93; prior 7-day maximum transaction amount 228.09; prior 7-day total transaction amount 3517.75; prior 14-day transaction count 64; prior 14-day fraud rate 0.000000; recent 7-day transaction-count change versus the preceding 7 days 0.
fraud_Stracke-Lemke,2020-05-15,0.82123665065175,1,114.99290322580644,219.82,3564.7799999999997,52.0,0.0,10.0,Historical evidence only: prior 7-day average transaction amount 114.99; prior 7-day maximum transaction amount 219.82; prior 7-day total transaction amount 3564.78; prior 14-day transaction count 52; prior 14-day fraud rate 0.000000; recent 7-day transaction-count change versus the preceding 7 days 10.
"fraud_Baumbach, Feeney and Morar",2020-05-11,0.8212151331534613,1,178.22823529411767,912.26,3029.8800000000006,40.0,0.05,-6.0,Historical evidence only: prior 7-day average transaction amount 178.23; prior 7-day maximum transaction amount 912.26; prior 7-day total transaction amount 3029.88; prior 14-day transaction count 40; prior 14-day fraud rate 0.050000; recent 7-day transaction-count change versus the preceding 7 days -6.
"fraud_Little, Gutmann and Lynch",2020-05-04,0.8212012216259408,1,23.3785,112.09,467.57,42.0,0.023809523809523808,-2.0,Historical evidence only: prior 7-day average transaction amount 23.38; prior 7-day maximum transaction amount 112.09; prior 7-day total transaction amount 467.57; prior 14-day transaction count 42; prior 14-day fraud rate 0.023810; recent 7-day transaction-count change versus the preceding 7 days -2.
fraud_Padberg-Welch,2020-05-21,0.8211940577148423,1,103.92971428571428,213.47,3637.54,72.0,0.0,-2.0,Historical evidence only: prior 7-day average transaction amount 103.93; prior 7-day maximum transaction amount 213.47; prior 7-day total transaction amount 3637.54; prior 14-day transaction count 72; prior 14-day fraud rate 0.000000; recent 7-day transaction-count change versus the preceding 7 days -2.
fraud_Kutch and Sons,2020-05-01,0.8211619845419129,1,112.88416666666666,236.02,4063.8299999999995,76.0,0.0,-4.0,Historical evidence only: prior 7-day average transaction amount 112.88; prior 7-day maximum transaction amount 236.02; prior 7-day total transaction amount 4063.83; prior 14-day transaction count 76; prior 14-day fraud rate 0.000000; recent 7-day transaction-count change versus the preceding 7 days -4.
"fraud_Mosciski, Gislason and Mertz",2020-05-17,0.8211150919886847,1,133.08318181818183,315.09,2927.83,48.0,0.041666666666666664,-4.0,Historical evidence only: prior 7-day average transaction amount 133.08; prior 7-day maximum transaction amount 315.09; prior 7-day total transaction amount 2927.83; prior 14-day transaction count 48; prior 14-day fraud rate 0.041667; recent 7-day transaction-count change versus the preceding 7 days -4.
"fraud_Heathcote, Yost and Kertzmann",2020-05-24,0.821110095344693,1,121.6585714285714,935.43,2554.8299999999995,50.0,0.06,-8.0,Historical evidence only: prior 7-day average transaction amount 121.66; prior 7-day maximum transaction amount 935.43; prior 7-day total transaction amount 2554.83; prior 14-day transaction count 50; prior 14-day fraud rate 0.060000; recent 7-day transaction-count change versus the preceding 7 days -8.
fraud_Medhurst PLC,2020-05-16,0.821085323925195,1,124.01736842105258,916.31,2356.329999999999,42.0,0.047619047619047616,-4.0,Historical evidence only: prior 7-day average transaction amount 124.02; prior 7-day maximum transaction amount 916.31; prior 7-day total transaction amount 2356.33; prior 14-day transaction count 42; prior 14-day fraud rate 0.047619; recent 7-day transaction-count change versus the preceding 7 days -4.
fraud_Padberg-Welch,2020-05-11,0.8210749760895252,1,103.4241379310345,184.71,2999.3,67.0,0.0,-9.0,Historical evidence only: prior 7-day average transaction amount 103.42; prior 7-day maximum transaction amount 184.71; prior 7-day total transaction amount 2999.30; prior 14-day transaction count 67; prior 14-day fraud rate 0.000000; recent 7-day transaction-count change versus the preceding 7 days -9.
fraud_Padberg-Welch,2020-05-16,0.8210615411505618,1,114.75361111111111,213.47,4131.13,70.0,0.0,2.0,Historical evidence only: prior 7-day average transaction amount 114.75; prior 7-day maximum transaction amount 213.47; prior 7-day total transaction amount 4131.13; prior 14-day transaction count 70; prior 14-day fraud rate 0.000000; recent 7-day transaction-count change versus the preceding 7 days 2.
fraud_Hackett-Lueilwitz,2020-06-09,0.8210615411505618,1,115.40199999999999,213.01,4039.0699999999997,71.0,0.0,-1.0,Historical evidence only: prior 7-day average transaction amount 115.40; prior 7-day maximum transaction amount 213.01; prior 7-day total transaction amount 4039.07; prior 14-day transaction count 71; prior 14-day fraud rate 0.000000; recent 7-day transaction-count change versus the preceding 7 days -1.
fraud_Hudson-Ratke,2020-05-25,0.8210603365051037,1,106.6996551724138,197.34,3094.29,55.0,0.0,3.0,Historical evidence only: prior 7-day average transaction amount 106.70; prior 7-day maximum transaction amount 197.34; prior 7-day total transaction amount 3094.29; prior 14-day transaction count 55; prior 14-day fraud rate 0.000000; recent 7-day transaction-count change versus the preceding 7 days 3.
fraud_Goodwin-Nitzsche,2020-05-02,0.8210395712554992,1,109.19947368421053,220.95,4149.58,74.0,0.0,2.0,Historical evidence only: prior 7-day average transaction amount 109.20; prior 7-day maximum transaction amount 220.95; prior 7-day total transaction amount 4149.58; prior 14-day transaction count 74; prior 14-day fraud rate 0.000000; recent 7-day transaction-count change versus the preceding 7 days 2.
fraud_DuBuque LLC,2020-05-10,0.8210395712554992,1,110.37352941176471,222.24,3752.7,69.0,0.0,-1.0,Historical evidence only: prior 7-day average transaction amount 110.37; prior 7-day maximum transaction amount 222.24; prior 7-day total transaction amount 3752.70; prior 14-day transaction count 69; prior 14-day fraud rate 0.000000; recent 7-day transaction-count change versus the preceding 7 days -1.
fraud_Padberg-Welch,2020-05-14,0.8210395712554992,1,109.39,209.9,4047.43,72.0,0.0,2.0,Historical evidence only: prior 7-day average transaction amount 109.39; prior 7-day maximum transaction amount 209.90; prior 7-day total transaction amount 4047.43; prior 14-day transaction count 72; prior 14-day fraud rate 0.000000; recent 7-day transaction-count change versus the preceding 7 days 2.
fraud_Padberg-Welch,2020-05-15,0.8210395712554992,1,109.18885714285713,209.9,3821.6099999999997,69.0,0.0,1.0,Historical evidence only: prior 7-day average transaction amount 109.19; prior 7-day maximum transaction amount 209.90; prior 7-day total transaction amount 3821.61; prior 14-day transaction count 69; prior 14-day fraud rate 0.000000; recent 7-day transaction-count change versus the preceding 7 days 1.
fraud_Kiehn-Emmerich,2020-05-21,0.8210395712554992,1,112.63648648648649,218.34,4167.55,70.0,0.0,4.0,Historical evidence only: prior 7-day average transaction amount 112.64; prior 7-day maximum transaction amount 218.34; prior 7-day total transaction amount 4167.55; prior 14-day transaction count 70; prior 14-day fraud rate 0.000000; recent 7-day transaction-count change versus the preceding 7 days 4.
fraud_Kiehn-Emmerich,2020-05-22,0.8210395712554992,1,105.96710526315789,218.34,4026.75,72.0,0.0,4.0,Historical evidence only: prior 7-day average transaction amount 105.97; prior 7-day maximum transaction amount 218.34; prior 7-day total transaction amount 4026.75; prior 14-day transaction count 72; prior 14-day fraud rate 0.000000; recent 7-day transaction-count change versus the preceding 7 days 4.
fraud_Padberg-Welch,2020-05-22,0.8210395712554992,1,109.83142857142859,213.47,3844.1000000000004,70.0,0.0,0.0,Historical evidence only: prior 7-day average transaction amount 109.83; prior 7-day maximum transaction amount 213.47; prior 7-day total transaction amount 3844.10; prior 14-day transaction count 70; prior 14-day fraud rate 0.000000; recent 7-day transaction-count change versus the preceding 7 days 0.
"fraud_Heller, Gutmann and Zieme",2020-06-11,0.8210395712554992,1,110.0242105263158,210.22,4180.92,77.0,0.0,-1.0,Historical evidence only: prior 7-day average transaction amount 110.02; prior 7-day maximum transaction amount 210.22; prior 7-day total transaction amount 4180.92; prior 14-day transaction count 77; prior 14-day fraud rate 0.000000; recent 7-day transaction-count change versus the preceding 7 days -1.
fraud_Murray-Smitham,2020-05-18,0.8210344081117139,1,96.80437500000001,207.86,3097.7400000000002,65.0,0.015384615384615385,-1.0,Historical evidence only: prior 7-day average transaction amount 96.80; prior 7-day maximum transaction amount 207.86; prior 7-day total transaction amount 3097.74; prior 14-day transaction count 65; prior 14-day fraud rate 0.015385; recent 7-day transaction-count change versus the preceding 7 days -1.
fraud_Bogisich Inc,2020-05-15,0.8210176278969019,1,104.1237037037037,202.09,2811.3399999999997,59.0,0.0,-5.0,Historical evidence only: prior 7-day average transaction amount 104.12; prior 7-day maximum transaction amount 202.09; prior 7-day total transaction amount 2811.34; prior 14-day transaction count 59; prior 14-day fraud rate 0.000000; recent 7-day transaction-count change versus the preceding 7 days -5.
"fraud_Huel, Hammes and Witting",2020-05-01,0.8209943282936104,1,114.50999999999999,197.26,3778.83,55.0,0.01818181818181818,11.0,Historical evidence only: prior 7-day average transaction amount 114.51; prior 7-day maximum transaction amount 197.26; prior 7-day total transaction amount 3778.83; prior 14-day transaction count 55; prior 14-day fraud rate 0.018182; recent 7-day transaction-count change versus the preceding 7 days 11.
fraud_Padberg-Welch,2020-05-28,0.8209491215354174,1,115.61709677419356,217.37,3584.13,66.0,0.0,-4.0,Historical evidence only: prior 7-day average transaction amount 115.62; prior 7-day maximum transaction amount 217.37; prior 7-day total transaction amount 3584.13; prior 14-day transaction count 66; prior 14-day fraud rate 0.000000; recent 7-day transaction-count change versus the preceding 7 days -4.
fraud_Kuhic Inc,2020-05-07,0.8209476449098433,1,101.65799999999999,183.92,2541.45,56.0,0.017857142857142856,-6.0,Historical evidence only: prior 7-day average transaction amount 101.66; prior 7-day maximum transaction amount 183.92; prior 7-day total transaction amount 2541.45; prior 14-day transaction count 56; prior 14-day fraud rate 0.017857; recent 7-day transaction-count change versus the preceding 7 days -6.
fraud_Kuhic Inc,2020-05-08,0.8209476449098433,1,97.9868,183.92,2449.67,56.0,0.017857142857142856,-6.0,Historical evidence only: prior 7-day average transaction amount 97.99; prior 7-day maximum transaction amount 183.92; prior 7-day total transaction amount 2449.67; prior 14-day transaction count 56; prior 14-day fraud rate 0.017857; recent 7-day transaction-count change versus the preceding 7 days -6.
fraud_Hudson-Ratke,2020-05-24,0.8209017162671888,1,117.736,238.99,2943.4,52.0,0.0,-2.0,Historical evidence only: prior 7-day average transaction amount 117.74; prior 7-day maximum transaction amount 238.99; prior 7-day total transaction amount 2943.40; prior 14-day transaction count 52; prior 14-day fraud rate 0.000000; recent 7-day transaction-count change versus the preceding 7 days -2.
fraud_Hackett-Lueilwitz,2020-05-20,0.8209011150171501,1,129.16029411764706,290.67,4391.45,59.0,0.01694915254237288,9.0,Historical evidence only: prior 7-day average transaction amount 129.16; prior 7-day maximum transaction amount 290.67; prior 7-day total transaction amount 4391.45; prior 14-day transaction count 59; prior 14-day fraud rate 0.016949; recent 7-day transaction-count change versus the preceding 7 days 9.
"fraud_Casper, Hand and Zulauf",2020-06-12,0.8208949347648162,1,113.64166666666667,216.64,4772.95,80.0,0.0,4.0,Historical evidence only: prior 7-day average transaction amount 113.64; prior 7-day maximum transaction amount 216.64; prior 7-day total transaction amount 4772.95; prior 14-day transaction count 80; prior 14-day fraud rate 0.000000; recent 7-day transaction-count change versus the preceding 7 days 4.
fraud_Kilback LLC,2020-05-15,0.8208790556231785,1,93.95428571428572,231.56,4603.76,91.0,0.01098901098901099,7.0,Historical evidence only: prior 7-day average transaction amount 93.95; prior 7-day maximum transaction amount 231.56; prior 7-day total transaction amount 4603.76; prior 14-day transaction count 91; prior 14-day fraud rate 0.010989; recent 7-day transaction-count change versus the preceding 7 days 7.
fraud_Pacocha-O'Reilly,2020-05-20,0.8208406552778197,1,101.54281250000001,291.14,3249.3700000000003,57.0,0.03508771929824561,7.0,Historical evidence only: prior 7-day average transaction amount 101.54; prior 7-day maximum transaction amount 291.14; prior 7-day total transaction amount 3249.37; prior 14-day transaction count 57; prior 14-day fraud rate 0.035088; recent 7-day transaction-count change versus the preceding 7 days 7.
fraud_Stracke-Lemke,2020-06-10,0.8207997890312883,1,124.43769230769232,237.46,3235.38,68.0,0.0,-16.0,Historical evidence only: prior 7-day average transaction amount 124.44; prior 7-day maximum transaction amount 237.46; prior 7-day total transaction amount 3235.38; prior 14-day transaction count 68; prior 14-day fraud rate 0.000000; recent 7-day transaction-count change versus the preceding 7 days -16.
fraud_Stracke-Lemke,2020-06-12,0.8207997890312883,1,125.9123076923077,237.46,3273.7200000000003,68.0,0.0,-16.0,Historical evidence only: prior 7-day average transaction amount 125.91; prior 7-day maximum transaction amount 237.46; prior 7-day total transaction amount 3273.72; prior 14-day transaction count 68; prior 14-day fraud rate 0.000000; recent 7-day transaction-count change versus the preceding 7 days -16.
fraud_Medhurst PLC,2020-05-25,0.8207905423018429,1,120.61526315789469,991.91,2291.689999999999,42.0,0.047619047619047616,-4.0,Historical evidence only: prior 7-day average transaction amount 120.62; prior 7-day maximum transaction amount 991.91; prior 7-day total transaction amount 2291.69; prior 14-day transaction count 42; prior 14-day fraud rate 0.047619; recent 7-day transaction-count change versus the preceding 7 days -4.
fraud_Strosin-Cruickshank,2020-05-05,0.8207737746739754,1,103.0065625,219.26,3296.21,56.0,0.0,8.0,Historical evidence only: prior 7-day average transaction amount 103.01; prior 7-day maximum transaction amount 219.26; prior 7-day total transaction amount 3296.21; prior 14-day transaction count 56; prior 14-day fraud rate 0.000000; recent 7-day transaction-count change versus the preceding 7 days 8.
fraud_Kutch and Sons,2020-05-02,0.8207513244095472,1,112.35757575757573,236.02,3707.7999999999993,73.0,0.0,-7.0,Historical evidence only: prior 7-day average transaction amount 112.36; prior 7-day maximum transaction amount 236.02; prior 7-day total transaction amount 3707.80; prior 14-day transaction count 73; prior 14-day fraud rate 0.000000; recent 7-day transaction-count change versus the preceding 7 days -7.
fraud_Koepp-Witting,2020-05-04,0.8207513244095472,1,104.54333333333332,206.11,3449.93,72.0,0.0,-6.0,Historical evidence only: prior 7-day average transaction amount 104.54; prior 7-day maximum transaction amount 206.11; prior 7-day total transaction amount 3449.93; prior 14-day transaction count 72; prior 14-day fraud rate 0.000000; recent 7-day transaction-count change versus the preceding 7 days -6.
fraud_Padberg-Welch,2020-05-24,0.8207513244095472,1,112.63677419354838,210.16,3491.74,69.0,0.0,-7.0,Historical evidence only: prior 7-day average transaction amount 112.64; prior 7-day maximum transaction amount 210.16; prior 7-day total transaction amount 3491.74; prior 14-day transaction count 69; prior 14-day fraud rate 0.000000; recent 7-day transaction-count change versus the preceding 7 days -7.
"fraud_Heller, Gutmann and Zieme",2020-06-13,0.8207513244095472,1,108.19852941176471,229.19,3678.75,76.0,0.0,-8.0,Historical evidence only: prior 7-day average transaction amount 108.20; prior 7-day maximum transaction amount 229.19; prior 7-day total transaction amount 3678.75; prior 14-day transaction count 76; prior 14-day fraud rate 0.000000; recent 7-day transaction-count change versus the preceding 7 days -8.
fraud_Schamberger-O'Keefe,2020-06-13,0.8207513244095472,1,111.096875,212.36,3555.1,71.0,0.0,-7.0,Historical evidence only: prior 7-day average transaction amount 111.10; prior 7-day maximum transaction amount 212.36; prior 7-day total transaction amount 3555.10; prior 14-day transaction count 71; prior 14-day fraud rate 0.000000; recent 7-day transaction-count change versus the preceding 7 days -7.
fraud_Cole PLC,2020-06-14,0.8207513244095472,1,112.7270588235294,207.77,3832.72,73.0,0.0,-5.0,Historical evidence only: prior 7-day average transaction amount 112.73; prior 7-day maximum transaction amount 207.77; prior 7-day total transaction amount 3832.72; prior 14-day transaction count 73; prior 14-day fraud rate 0.000000; recent 7-day transaction-count change versus the preceding 7 days -5.
fraud_Goodwin-Nitzsche,2020-05-31,0.8207467180733574,1,119.35054054054055,289.01,4415.97,69.0,0.028985507246376812,5.0,Historical evidence only: prior 7-day average transaction amount 119.35; prior 7-day maximum transaction amount 289.01; prior 7-day total transaction amount 4415.97; prior 14-day transaction count 69; prior 14-day fraud rate 0.028986; recent 7-day transaction-count change versus the preceding 7 days 5.
fraud_Cole PLC,2020-05-02,0.8207010336267307,1,110.81411764705882,218.33,3767.68,65.0,0.015384615384615385,3.0,Historical evidence only: prior 7-day average transaction amount 110.81; prior 7-day maximum transaction amount 218.33; prior 7-day total transaction amount 3767.68; prior 14-day transaction count 65; prior 14-day fraud rate 0.015385; recent 7-day transaction-count change versus the preceding 7 days 3.
fraud_Rutherford-Mertz,2020-06-06,0.8207010336267307,1,117.95828571428571,221.22,4128.54,67.0,0.014925373134328358,3.0,Historical evidence only: prior 7-day average transaction amount 117.96; prior 7-day maximum transaction amount 221.22; prior 7-day total transaction amount 4128.54; prior 14-day transaction count 67; prior 14-day fraud rate 0.014925; recent 7-day transaction-count change versus the preceding 7 days 3.
fraud_Medhurst PLC,2020-05-23,0.8206241339341284,1,89.18249999999996,991.91,2140.379999999999,43.0,0.046511627906976744,5.0,Historical evidence only: prior 7-day average transaction amount 89.18; prior 7-day maximum transaction amount 991.91; prior 7-day total transaction amount 2140.38; prior 14-day transaction count 43; prior 14-day fraud rate 0.046512; recent 7-day transaction-count change versus the preceding 7 days 5.
fraud_Kuhic Inc,2020-05-13,0.8205816154863412,1,101.4572,224.66,2536.43,53.0,0.0,-3.0,Historical evidence only: prior 7-day average transaction amount 101.46; prior 7-day maximum transaction amount 224.66; prior 7-day total transaction amount 2536.43; prior 14-day transaction count 53; prior 14-day fraud rate 0.000000; recent 7-day transaction-count change versus the preceding 7 days -3.
fraud_Kuhic Inc,2020-05-18,0.8205816154863412,1,99.19,224.66,2479.75,53.0,0.0,-3.0,Historical evidence only: prior 7-day average transaction amount 99.19; prior 7-day maximum transaction amount 224.66; prior 7-day total transaction amount 2479.75; prior 14-day transaction count 53; prior 14-day fraud rate 0.000000; recent 7-day transaction-count change versus the preceding 7 days -3.
"fraud_Kovacek, Dibbert and Ondricka",2020-05-24,0.820462837971297,1,111.12827586206896,209.19,3222.72,63.0,0.0,-5.0,Historical evidence only: prior 7-day average transaction amount 111.13; prior 7-day maximum transaction amount 209.19; prior 7-day total transaction amount 3222.72; prior 14-day transaction count 63; prior 14-day fraud rate 0.000000; recent 7-day transaction-count change versus the preceding 7 days -5.
"fraud_Huel, Hammes and Witting",2020-06-05,0.820462837971297,1,108.35428571428572,204.28,3033.92,62.0,0.0,-6.0,Historical evidence only: prior 7-day average transaction amount 108.35; prior 7-day maximum transaction amount 204.28; prior 7-day total transaction amount 3033.92; prior 14-day transaction count 62; prior 14-day fraud rate 0.000000; recent 7-day transaction-count change versus the preceding 7 days -6.
fraud_Auer-Mosciski,2020-05-17,0.8204552412853997,1,121.94423076923076,221.08,3170.5499999999997,56.0,0.017857142857142856,-4.0,Historical evidence only: prior 7-day average transaction amount 121.94; prior 7-day maximum transaction amount 221.08; prior 7-day total transaction amount 3170.55; prior 14-day transaction count 56; prior 14-day fraud rate 0.017857; recent 7-day transaction-count change versus the preceding 7 days -4.
fraud_Kutch and Sons,2020-05-26,0.820416280747628,1,123.43592592592591,224.14,3332.7699999999995,62.0,0.016129032258064516,-8.0,Historical evidence only: prior 7-day average transaction amount 123.44; prior 7-day maximum transaction amount 224.14; prior 7-day total transaction amount 3332.77; prior 14-day transaction count 62; prior 14-day fraud rate 0.016129; recent 7-day transaction-count change versus the preceding 7 days -8.
"fraud_Moen, Reinger and Murphy",2020-06-12,0.820416280747628,1,111.3076923076923,211.27,2894.0,60.0,0.016666666666666666,-8.0,Historical evidence only: prior 7-day average transaction amount 111.31; prior 7-day maximum transaction amount 211.27; prior 7-day total transaction amount 2894.00; prior 14-day transaction count 60; prior 14-day fraud rate 0.016667; recent 7-day transaction-count change versus the preceding 7 days -8.
fraud_Goodwin-Nitzsche,2020-05-28,0.8204051895973922,1,123.02942857142857,289.01,4306.03,65.0,0.03076923076923077,5.0,Historical evidence only: prior 7-day average transaction amount 123.03; prior 7-day maximum transaction amount 289.01; prior 7-day total transaction amount 4306.03; prior 14-day transaction count 65; prior 14-day fraud rate 0.030769; recent 7-day transaction-count change versus the preceding 7 days 5.
"fraud_Casper, Hand and Zulauf",2020-05-23,0.8203529532209134,1,102.38851851851852,230.45,2764.4900000000002,56.0,0.0,-2.0,Historical evidence only: prior 7-day average transaction amount 102.39; prior 7-day maximum transaction amount 230.45; prior 7-day total transaction amount 2764.49; prior 14-day transaction count 56; prior 14-day fraud rate 0.000000; recent 7-day transaction-count change versus the preceding 7 days -2.
fraud_Kuhic Inc,2020-05-06,0.8203324500837108,1,104.23571428571428,199.9,2918.6,55.0,0.01818181818181818,1.0,Historical evidence only: prior 7-day average transaction amount 104.24; prior 7-day maximum transaction amount 199.90; prior 7-day total transaction amount 2918.60; prior 14-day transaction count 55; prior 14-day fraud rate 0.018182; recent 7-day transaction-count change versus the preceding 7 days 1.
fraud_Auer-Mosciski,2020-05-12,0.8203324500837108,1,105.72464285714287,229.94,2960.2900000000004,52.0,0.019230769230769232,4.0,Historical evidence only: prior 7-day average transaction amount 105.72; prior 7-day maximum transaction amount 229.94; prior 7-day total transaction amount 2960.29; prior 14-day transaction count 52; prior 14-day fraud rate 0.019231; recent 7-day transaction-count change versus the preceding 7 days 4.
fraud_Kutch and Sons,2020-05-03,0.8203251751509755,1,110.52216216216215,236.02,4089.3199999999993,73.0,0.0,1.0,Historical evidence only: prior 7-day average transaction amount 110.52; prior 7-day maximum transaction amount 236.02; prior 7-day total transaction amount 4089.32; prior 14-day transaction count 73; prior 14-day fraud rate 0.000000; recent 7-day transaction-count change versus the preceding 7 days 1.
fraud_Strosin-Cruickshank,2020-05-17,0.8203251751509755,1,113.15138888888889,204.8,4073.45,69.0,0.0,3.0,Historical evidence only: prior 7-day average transaction amount 113.15; prior 7-day maximum transaction amount 204.80; prior 7-day total transaction amount 4073.45; prior 14-day transaction count 69; prior 14-day fraud rate 0.000000; recent 7-day transaction-count change versus the preceding 7 days 3.
fraud_Padberg-Welch,2020-06-02,0.8203251751509755,1,108.06052631578947,213.76,4106.3,72.0,0.0,4.0,Historical evidence only: prior 7-day average transaction amount 108.06; prior 7-day maximum transaction amount 213.76; prior 7-day total transaction amount 4106.30; prior 14-day transaction count 72; prior 14-day fraud rate 0.000000; recent 7-day transaction-count change versus the preceding 7 days 4.
"fraud_Lockman, West and Runte",2020-06-09,0.8203251751509755,1,113.34200000000001,214.56,3966.9700000000003,73.0,0.0,-3.0,Historical evidence only: prior 7-day average transaction amount 113.34; prior 7-day maximum transaction amount 214.56; prior 7-day total transaction amount 3966.97; prior 14-day transaction count 73; prior 14-day fraud rate 0.000000; recent 7-day transaction-count change versus the preceding 7 days -3.
"fraud_Heller, Gutmann and Zieme",2020-06-12,0.8203251751509755,1,110.01783783783783,229.19,4070.66,77.0,0.0,-3.0,Historical evidence only: prior 7-day average transaction amount 110.02; prior 7-day maximum transaction amount 229.19; prior 7-day total transaction amount 4070.66; prior 14-day transaction count 77; prior 14-day fraud rate 0.000000; recent 7-day transaction-count change versus the preceding 7 days -3.
"fraud_Kovacek, Dibbert and Ondricka",2020-05-02,0.8203021781852041,1,120.52499999999999,305.17,3133.6499999999996,57.0,0.03508771929824561,-5.0,Historical evidence only: prior 7-day average transaction amount 120.52; prior 7-day maximum transaction amount 305.17; prior 7-day total transaction amount 3133.65; prior 14-day transaction count 57; prior 14-day fraud rate 0.035088; recent 7-day transaction-count change versus the preceding 7 days -5.
fraud_Bradtke PLC,2020-05-31,0.8202966444102094,1,127.3104255319149,350.42,5983.59,73.0,0.0273972602739726,21.0,Historical evidence only: prior 7-day average transaction amount 127.31; prior 7-day maximum transaction amount 350.42; prior 7-day total transaction amount 5983.59; prior 14-day transaction count 73; prior 14-day fraud rate 0.027397; recent 7-day transaction-count change versus the preceding 7 days 21.
fraud_Kiehn-Emmerich,2020-05-23,0.8202874667638526,1,104.009375,223.47,3328.3,71.0,0.0,-7.0,Historical evidence only: prior 7-day average transaction amount 104.01; prior 7-day maximum transaction amount 223.47; prior 7-day total transaction amount 3328.30; prior 14-day transaction count 71; prior 14-day fraud rate 0.000000; recent 7-day transaction-count change versus the preceding 7 days -7.
"fraud_Goldner, Kovacek and Abbott",2020-05-06,0.8202584885197248,1,125.64575757575759,334.48,4146.31,65.0,0.046153846153846156,1.0,Historical evidence only: prior 7-day average transaction amount 125.65; prior 7-day maximum transaction amount 334.48; prior 7-day total transaction amount 4146.31; prior 14-day transaction count 65; prior 14-day fraud rate 0.046154; recent 7-day transaction-count change versus the preceding 7 days 1.
fraud_Price Inc,2020-05-04,0.8201708795021266,1,153.54250000000002,985.65,3685.0200000000004,45.0,0.044444444444444446,3.0,Historical evidence only: prior 7-day average transaction amount 153.54; prior 7-day maximum transaction amount 985.65; prior 7-day total transaction amount 3685.02; prior 14-day transaction count 45; prior 14-day fraud rate 0.044444; recent 7-day transaction-count change versus the preceding 7 days 3.
fraud_Bogisich Inc,2020-05-25,0.8201681934900272,1,119.30233333333334,320.12,3579.07,61.0,0.03278688524590164,-1.0,Historical evidence only: prior 7-day average transaction amount 119.30; prior 7-day maximum transaction amount 320.12; prior 7-day total transaction amount 3579.07; prior 14-day transaction count 61; prior 14-day fraud rate 0.032787; recent 7-day transaction-count change versus the preceding 7 days -1.
fraud_Schamberger-O'Keefe,2020-05-06,0.8200919420427784,1,110.16566666666667,304.32,3304.97,69.0,0.014492753623188406,-9.0,Historical evidence only: prior 7-day average transaction amount 110.17; prior 7-day maximum transaction amount 304.32; prior 7-day total transaction amount 3304.97; prior 14-day transaction count 69; prior 14-day fraud rate 0.014493; recent 7-day transaction-count change versus the preceding 7 days -9.
fraud_Miller-Hauck,2020-06-14,0.8200525711997226,1,114.0595,233.07,4562.38,78.0,0.01282051282051282,2.0,Historical evidence only: prior 7-day average transaction amount 114.06; prior 7-day maximum transaction amount 233.07; prior 7-day total transaction amount 4562.38; prior 14-day transaction count 78; prior 14-day fraud rate 0.012821; recent 7-day transaction-count change versus the preceding 7 days 2.
fraud_Auer-Mosciski,2020-05-01,0.8200256777753805,1,109.0496875,207.8,3489.59,60.0,0.0,4.0,Historical evidence only: prior 7-day average transaction amount 109.05; prior 7-day maximum transaction amount 207.80; prior 7-day total transaction amount 3489.59; prior 14-day transaction count 60; prior 14-day fraud rate 0.000000; recent 7-day transaction-count change versus the preceding 7 days 4.
"fraud_Schumm, Bauch and Ondricka",2020-05-01,0.8200237469057609,1,126.3982857142857,323.13,4423.94,55.0,0.01818181818181818,15.0,Historical evidence only: prior 7-day average transaction amount 126.40; prior 7-day maximum transaction amount 323.13; prior 7-day total transaction amount 4423.94; prior 14-day transaction count 55; prior 14-day fraud rate 0.018182; recent 7-day transaction-count change versus the preceding 7 days 15.
fraud_Cole PLC,2020-06-11,0.8200139616542385,1,110.41354838709677,207.77,3422.8199999999997,71.0,0.0,-9.0,Historical evidence only: prior 7-day average transaction amount 110.41; prior 7-day maximum transaction amount 207.77; prior 7-day total transaction amount 3422.82; prior 14-day transaction count 71; prior 14-day fraud rate 0.000000; recent 7-day transaction-count change versus the preceding 7 days -9.
"fraud_Schumm, Bauch and Ondricka",2020-05-04,0.8199855824067228,1,120.61393939393938,207.29,3980.2599999999993,65.0,0.015384615384615385,1.0,Historical evidence only: prior 7-day average transaction amount 120.61; prior 7-day maximum transaction amount 207.29; prior 7-day total transaction amount 3980.26; prior 14-day transaction count 65; prior 14-day fraud rate 0.015385; recent 7-day transaction-count change versus the preceding 7 days 1.
fraud_DuBuque LLC,2020-05-22,0.8199855824067228,1,123.13628571428573,202.81,4309.77,67.0,0.014925373134328358,3.0,Historical evidence only: prior 7-day average transaction amount 123.14; prior 7-day maximum transaction amount 202.81; prior 7-day total transaction amount 4309.77; prior 14-day transaction count 67; prior 14-day fraud rate 0.014925; recent 7-day transaction-count change versus the preceding 7 days 3.
fraud_Bailey-Morar,2020-06-09,0.8199855824067228,1,117.88454545454546,222.87,3890.19,66.0,0.015151515151515152,0.0,Historical evidence only: prior 7-day average transaction amount 117.88; prior 7-day maximum transaction amount 222.87; prior 7-day total transaction amount 3890.19; prior 14-day transaction count 66; prior 14-day fraud rate 0.015152; recent 7-day transaction-count change versus the preceding 7 days 0.
"fraud_Huel, Hammes and Witting",2020-05-30,0.8199801483604913,1,101.08812499999999,207.44,3234.8199999999997,65.0,0.0,-1.0,Historical evidence only: prior 7-day average transaction amount 101.09; prior 7-day maximum transaction amount 207.44; prior 7-day total transaction amount 3234.82; prior 14-day transaction count 65; prior 14-day fraud rate 0.000000; recent 7-day transaction-count change versus the preceding 7 days -1.
"fraud_Huel, Hammes and Witting",2020-06-02,0.8199801483604913,1,101.4146875,207.44,3245.27,67.0,0.0,-3.0,Historical evidence only: prior 7-day average transaction amount 101.41; prior 7-day maximum transaction amount 207.44; prior 7-day total transaction amount 3245.27; prior 14-day transaction count 67; prior 14-day fraud rate 0.000000; recent 7-day transaction-count change versus the preceding 7 days -3.
fraud_DuBuque LLC,2020-05-21,0.8199769181374847,1,117.54405405405406,202.81,4349.13,65.0,0.015384615384615385,9.0,Historical evidence only: prior 7-day average transaction amount 117.54; prior 7-day maximum transaction amount 202.81; prior 7-day total transaction amount 4349.13; prior 14-day transaction count 65; prior 14-day fraud rate 0.015385; recent 7-day transaction-count change versus the preceding 7 days 9.
fraud_Hackett-Lueilwitz,2020-05-26,0.819969885302349,1,124.612,219.01,4984.48,68.0,0.014705882352941176,12.0,Historical evidence only: prior 7-day average transaction amount 124.61; prior 7-day maximum transaction amount 219.01; prior 7-day total transaction amount 4984.48; prior 14-day transaction count 68; prior 14-day fraud rate 0.014706; recent 7-day transaction-count change versus the preceding 7 days 12.
"fraud_Heller, Gutmann and Zieme",2020-05-14,0.8199517462785042,1,95.19115384615385,196.34,2474.9700000000003,62.0,0.016129032258064516,-10.0,Historical evidence only: prior 7-day average transaction amount 95.19; prior 7-day maximum transaction amount 196.34; prior 7-day total transaction amount 2474.97; prior 14-day transaction count 62; prior 14-day fraud rate 0.016129; recent 7-day transaction-count change versus the preceding 7 days -10.
"fraud_Heller, Gutmann and Zieme",2020-05-15,0.8199517462785042,1,96.29,196.34,2696.1200000000003,62.0,0.016129032258064516,-6.0,Historical evidence only: prior 7-day average transaction amount 96.29; prior 7-day maximum transaction amount 196.34; prior 7-day total transaction amount 2696.12; prior 14-day transaction count 62; prior 14-day fraud rate 0.016129; recent 7-day transaction-count change versus the preceding 7 days -6.
"fraud_Schoen, Kuphal and Nitzsche",2020-05-30,0.8199517462785042,1,94.25642857142857,196.89,2639.18,62.0,0.016129032258064516,-6.0,Historical evidence only: prior 7-day average transaction amount 94.26; prior 7-day maximum transaction amount 196.89; prior 7-day total transaction amount 2639.18; prior 14-day transaction count 62; prior 14-day fraud rate 0.016129; recent 7-day transaction-count change versus the preceding 7 days -6.
"fraud_Huel, Hammes and Witting",2020-05-23,0.819903297703126,1,115.36333333333333,211.87,3806.99,53.0,0.0,13.0,Historical evidence only: prior 7-day average transaction amount 115.36; prior 7-day maximum transaction amount 211.87; prior 7-day total transaction amount 3806.99; prior 14-day transaction count 53; prior 14-day fraud rate 0.000000; recent 7-day transaction-count change versus the preceding 7 days 13.
fraud_Hudson-Ratke,2020-05-17,0.819873262507981,1,116.07666666666667,199.83,3134.07,55.0,0.0,-1.0,Historical evidence only: prior 7-day average transaction amount 116.08; prior 7-day maximum transaction amount 199.83; prior 7-day total transaction amount 3134.07; prior 14-day transaction count 55; prior 14-day fraud rate 0.000000; recent 7-day transaction-count change versus the preceding 7 days -1.
"fraud_Rowe, Batz and Goodwin",2020-05-23,0.8198677463787685,1,92.26407407407407,193.18,2491.13,55.0,0.01818181818181818,-1.0,Historical evidence only: prior 7-day average transaction amount 92.26; prior 7-day maximum transaction amount 193.18; prior 7-day total transaction amount 2491.13; prior 14-day transaction count 55; prior 14-day fraud rate 0.018182; recent 7-day transaction-count change versus the preceding 7 days -1.
fraud_McDermott-Weimann,2020-06-03,0.8198621315228801,1,108.09882352941176,211.84,5513.04,89.0,0.0,13.0,Historical evidence only: prior 7-day average transaction amount 108.10; prior 7-day maximum transaction amount 211.84; prior 7-day total transaction amount 5513.04; prior 14-day transaction count 89; prior 14-day fraud rate 0.000000; recent 7-day transaction-count change versus the preceding 7 days 13.
fraud_Lockman Ltd,2020-06-04,0.8198173347951779,1,100.60935483870968,199.08,3118.89,64.0,0.0,-2.0,Historical evidence only: prior 7-day average transaction amount 100.61; prior 7-day maximum transaction amount 199.08; prior 7-day total transaction amount 3118.89; prior 14-day transaction count 64; prior 14-day fraud rate 0.000000; recent 7-day transaction-count change versus the preceding 7 days -2.
"fraud_Lockman, West and Runte",2020-05-01,0.8197931094157983,1,119.05142857142856,220.81,3333.4399999999996,59.0,0.03389830508474576,-3.0,Historical evidence only: prior 7-day average transaction amount 119.05; prior 7-day maximum transaction amount 220.81; prior 7-day total transaction amount 3333.44; prior 14-day transaction count 59; prior 14-day fraud rate 0.033898; recent 7-day transaction-count change versus the preceding 7 days -3.
fraud_Padberg-Welch,2020-05-09,0.8197233984978729,1,95.9470588235294,184.71,3262.2,67.0,0.0,1.0,Historical evidence only: prior 7-day average transaction amount 95.95; prior 7-day maximum transaction amount 184.71; prior 7-day total transaction amount 3262.20; prior 14-day transaction count 67; prior 14-day fraud rate 0.000000; recent 7-day transaction-count change versus the preceding 7 days 1.
fraud_Strosin-Cruickshank,2020-05-01,0.8196158513756915,1,120.13076923076922,227.49,3123.3999999999996,53.0,0.018867924528301886,-1.0,Historical evidence only: prior 7-day average transaction amount 120.13; prior 7-day maximum transaction amount 227.49; prior 7-day total transaction amount 3123.40; prior 14-day transaction count 53; prior 14-day fraud rate 0.018868; recent 7-day transaction-count change versus the preceding 7 days -1.
fraud_Auer-Mosciski,2020-05-16,0.8196158513756915,1,116.04111111111109,221.08,3133.1099999999997,55.0,0.01818181818181818,-1.0,Historical evidence only: prior 7-day average transaction amount 116.04; prior 7-day maximum transaction amount 221.08; prior 7-day total transaction amount 3133.11; prior 14-day transaction count 55; prior 14-day fraud rate 0.018182; recent 7-day transaction-count change versus the preceding 7 days -1.
"fraud_Goldner, Kovacek and Abbott",2020-05-16,0.8196158513756915,1,107.4676923076923,219.35,2794.16,54.0,0.018518518518518517,-2.0,Historical evidence only: prior 7-day average transaction amount 107.47; prior 7-day maximum transaction amount 219.35; prior 7-day total transaction amount 2794.16; prior 14-day transaction count 54; prior 14-day fraud rate 0.018519; recent 7-day transaction-count change versus the preceding 7 days -2.
"fraud_Schultz, Simonis and Little",2020-05-27,0.8196158513756915,1,117.71384615384615,211.47,3060.56,53.0,0.018867924528301886,-1.0,Historical evidence only: prior 7-day average transaction amount 117.71; prior 7-day maximum transaction amount 211.47; prior 7-day total transaction amount 3060.56; prior 14-day transaction count 53; prior 14-day fraud rate 0.018868; recent 7-day transaction-count change versus the preceding 7 days -1.
fraud_Auer-Mosciski,2020-05-02,0.8195949760989374,1,107.35000000000001,207.8,2791.1000000000004,58.0,0.0,-6.0,Historical evidence only: prior 7-day average transaction amount 107.35; prior 7-day maximum transaction amount 207.80; prior 7-day total transaction amount 2791.10; prior 14-day transaction count 58; prior 14-day fraud rate 0.000000; recent 7-day transaction-count change versus the preceding 7 days -6.
fraud_Kiehn-Emmerich,2020-05-02,0.8195949760989374,1,107.0662962962963,224.26,2890.79,63.0,0.0,-9.0,Historical evidence only: prior 7-day average transaction amount 107.07; prior 7-day maximum transaction amount 224.26; prior 7-day total transaction amount 2890.79; prior 14-day transaction count 63; prior 14-day fraud rate 0.000000; recent 7-day transaction-count change versus the preceding 7 days -9.
"fraud_Kovacek, Dibbert and Ondricka",2020-05-18,0.8195949760989374,1,108.78107142857144,207.02,3045.8700000000003,63.0,0.0,-7.0,Historical evidence only: prior 7-day average transaction amount 108.78; prior 7-day maximum transaction amount 207.02; prior 7-day total transaction amount 3045.87; prior 14-day transaction count 63; prior 14-day fraud rate 0.000000; recent 7-day transaction-count change versus the preceding 7 days -7.
"fraud_Huel, Hammes and Witting",2020-06-06,0.8195949760989374,1,109.56961538461539,204.28,2848.81,58.0,0.0,-6.0,Historical evidence only: prior 7-day average transaction amount 109.57; prior 7-day maximum transaction amount 204.28; prior 7-day total transaction amount 2848.81; prior 14-day transaction count 58; prior 14-day fraud rate 0.000000; recent 7-day transaction-count change versus the preceding 7 days -6.
fraud_Hackett-Lueilwitz,2020-05-08,0.8195569984973637,1,112.94433333333332,294.64,3388.3299999999995,61.0,0.01639344262295082,-1.0,Historical evidence only: prior 7-day average transaction amount 112.94; prior 7-day maximum transaction amount 294.64; prior 7-day total transaction amount 3388.33; prior 14-day transaction count 61; prior 14-day fraud rate 0.016393; recent 7-day transaction-count change versus the preceding 7 days -1.
fraud_Hackett-Lueilwitz,2020-05-09,0.8195569984973637,1,112.91999999999999,294.64,3500.5199999999995,59.0,0.01694915254237288,3.0,Historical evidence only: prior 7-day average transaction amount 112.92; prior 7-day maximum transaction amount 294.64; prior 7-day total transaction amount 3500.52; prior 14-day transaction count 59; prior 14-day fraud rate 0.016949; recent 7-day transaction-count change versus the preceding 7 days 3.
fraud_Hudson-Ratke,2020-05-29,0.8195466895469105,1,105.97,231.86,2225.37,49.0,0.0,-7.0,Historical evidence only: prior 7-day average transaction amount 105.97; prior 7-day maximum transaction amount 231.86; prior 7-day total transaction amount 2225.37; prior 14-day transaction count 49; prior 14-day fraud rate 0.000000; recent 7-day transaction-count change versus the preceding 7 days -7.
fraud_Barton Inc,2020-05-03,0.8195397814452701,1,111.73161290322581,230.87,3463.6800000000003,63.0,0.015873015873015872,-1.0,Historical evidence only: prior 7-day average transaction amount 111.73; prior 7-day maximum transaction amount 230.87; prior 7-day total transaction amount 3463.68; prior 14-day transaction count 63; prior 14-day fraud rate 0.015873; recent 7-day transaction-count change versus the preceding 7 days -1.
fraud_Cole PLC,2020-05-03,0.8195397814452701,1,112.2471875,218.33,3591.91,64.0,0.015625,0.0,Historical evidence only: prior 7-day average transaction amount 112.25; prior 7-day maximum transaction amount 218.33; prior 7-day total transaction amount 3591.91; prior 14-day transaction count 64; prior 14-day fraud rate 0.015625; recent 7-day transaction-count change versus the preceding 7 days 0.
fraud_Cole PLC,2020-05-04,0.8195397814452701,1,111.806,218.33,3354.18,60.0,0.016666666666666666,0.0,Historical evidence only: prior 7-day average transaction amount 111.81; prior 7-day maximum transaction amount 218.33; prior 7-day total transaction amount 3354.18; prior 14-day transaction count 60; prior 14-day fraud rate 0.016667; recent 7-day transaction-count change versus the preceding 7 days 0.
"fraud_Heller, Gutmann and Zieme",2020-05-19,0.8195397814452701,1,109.03225806451611,223.49,3379.9999999999995,60.0,0.016666666666666666,2.0,Historical evidence only: prior 7-day average transaction amount 109.03; prior 7-day maximum transaction amount 223.49; prior 7-day total transaction amount 3380.00; prior 14-day transaction count 60; prior 14-day fraud rate 0.016667; recent 7-day transaction-count change versus the preceding 7 days 2.
fraud_Koepp-Parker,2020-05-20,0.8195397814452701,1,113.25566666666666,233.44,3397.6699999999996,63.0,0.015873015873015872,-3.0,Historical evidence only: prior 7-day average transaction amount 113.26; prior 7-day maximum transaction amount 233.44; prior 7-day total transaction amount 3397.67; prior 14-day transaction count 63; prior 14-day fraud rate 0.015873; recent 7-day transaction-count change versus the preceding 7 days -3.
"fraud_Schoen, Kuphal and Nitzsche",2020-05-27,0.8195397814452701,1,117.0232258064516,196.89,3627.72,60.0,0.016666666666666666,2.0,Historical evidence only: prior 7-day average transaction amount 117.02; prior 7-day maximum transaction amount 196.89; prior 7-day total transaction amount 3627.72; prior 14-day transaction count 60; prior 14-day fraud rate 0.016667; recent 7-day transaction-count change versus the preceding 7 days 2.
"fraud_Schoen, Kuphal and Nitzsche",2020-05-28,0.8195397814452701,1,110.96129032258064,196.89,3439.7999999999997,62.0,0.016129032258064516,0.0,Historical evidence only: prior 7-day average transaction amount 110.96; prior 7-day maximum transaction amount 196.89; prior 7-day total transaction amount 3439.80; prior 14-day transaction count 62; prior 14-day fraud rate 0.016129; recent 7-day transaction-count change versus the preceding 7 days 0.
"fraud_Schoen, Kuphal and Nitzsche",2020-06-07,0.8195397814452701,1,110.13781250000001,218.72,3524.4100000000003,62.0,0.016129032258064516,2.0,Historical evidence only: prior 7-day average transaction amount 110.14; prior 7-day maximum transaction amount 218.72; prior 7-day total transaction amount 3524.41; prior 14-day transaction count 62; prior 14-day fraud rate 0.016129; recent 7-day transaction-count change versus the preceding 7 days 2.
"fraud_Schoen, Kuphal and Nitzsche",2020-06-11,0.8195397814452701,1,107.8290625,200.43,3450.53,63.0,0.015873015873015872,1.0,Historical evidence only: prior 7-day average transaction amount 107.83; prior 7-day maximum transaction amount 200.43; prior 7-day total transaction amount 3450.53; prior 14-day transaction count 63; prior 14-day fraud rate 0.015873; recent 7-day transaction-count change versus the preceding 7 days 1.
"fraud_Moen, Reinger and Murphy",2020-06-14,0.8195397814452701,1,112.33500000000001,210.08,3594.7200000000003,64.0,0.015625,0.0,Historical evidence only: prior 7-day average transaction amount 112.34; prior 7-day maximum transaction amount 210.08; prior 7-day total transaction amount 3594.72; prior 14-day transaction count 64; prior 14-day fraud rate 0.015625; recent 7-day transaction-count change versus the preceding 7 days 0.
fraud_Deckow-O'Conner,2020-05-26,0.8195143165587968,1,116.03393939393938,226.66,3829.1199999999994,68.0,0.014705882352941176,-2.0,Historical evidence only: prior 7-day average transaction amount 116.03; prior 7-day maximum transaction amount 226.66; prior 7-day total transaction amount 3829.12; prior 14-day transaction count 68; prior 14-day fraud rate 0.014706; recent 7-day transaction-count change versus the preceding 7 days -2.
fraud_Padberg-Welch,2020-05-29,0.8194908551430521,1,116.1953125,217.37,3718.25,67.0,0.0,-3.0,Historical evidence only: prior 7-day average transaction amount 116.20; prior 7-day maximum transaction amount 217.37; prior 7-day total transaction amount 3718.25; prior 14-day transaction count 67; prior 14-day fraud rate 0.000000; recent 7-day transaction-count change versus the preceding 7 days -3.
fraud_Padberg-Welch,2020-05-30,0.8194908551430521,1,119.68060606060607,217.37,3949.46,66.0,0.0,0.0,Historical evidence only: prior 7-day average transaction amount 119.68; prior 7-day maximum transaction amount 217.37; prior 7-day total transaction amount 3949.46; prior 14-day transaction count 66; prior 14-day fraud rate 0.000000; recent 7-day transaction-count change versus the preceding 7 days 0.
"fraud_Mosciski, Gislason and Mertz",2020-05-20,0.8194873000339067,1,112.486875,269.96,3599.58,56.0,0.03571428571428571,8.0,Historical evidence only: prior 7-day average transaction amount 112.49; prior 7-day maximum transaction amount 269.96; prior 7-day total transaction amount 3599.58; prior 14-day transaction count 56; prior 14-day fraud rate 0.035714; recent 7-day transaction-count change versus the preceding 7 days 8.
"fraud_Moen, Reinger and Murphy",2020-05-26,0.8194807211800633,1,112.9388888888889,230.44,4065.8,73.0,0.0136986301369863,-1.0,Historical evidence only: prior 7-day average transaction amount 112.94; prior 7-day maximum transaction amount 230.44; prior 7-day total transaction amount 4065.80; prior 14-day transaction count 73; prior 14-day fraud rate 0.013699; recent 7-day transaction-count change versus the preceding 7 days -1.
fraud_Doyle Ltd,2020-05-06,0.8194772620930846,1,132.3832258064516,370.45,4103.88,57.0,0.05263157894736842,5.0,Historical evidence only: prior 7-day average transaction amount 132.38; prior 7-day maximum transaction amount 370.45; prior 7-day total transaction amount 4103.88; prior 14-day transaction count 57; prior 14-day fraud rate 0.052632; recent 7-day transaction-count change versus the preceding 7 days 5.
fraud_Bogisich Inc,2020-05-10,0.8194135969526306,1,109.653,201.21,3289.59,63.0,0.0,-3.0,Historical evidence only: prior 7-day average transaction amount 109.65; prior 7-day maximum transaction amount 201.21; prior 7-day total transaction amount 3289.59; prior 14-day transaction count 63; prior 14-day fraud rate 0.000000; recent 7-day transaction-count change versus the preceding 7 days -3.
fraud_DuBuque LLC,2020-05-20,0.8194048806473138,1,119.19527777777778,202.81,4291.03,67.0,0.014925373134328358,5.0,Historical evidence only: prior 7-day average transaction amount 119.20; prior 7-day maximum transaction amount 202.81; prior 7-day total transaction amount 4291.03; prior 14-day transaction count 67; prior 14-day fraud rate 0.014925; recent 7-day transaction-count change versus the preceding 7 days 5.
fraud_Kuhic Inc,2020-05-17,0.8193637159631799,1,99.01416666666667,224.66,2376.34,51.0,0.0,-3.0,Historical evidence only: prior 7-day average transaction amount 99.01; prior 7-day maximum transaction amount 224.66; prior 7-day total transaction amount 2376.34; prior 14-day transaction count 51; prior 14-day fraud rate 0.000000; recent 7-day transaction-count change versus the preceding 7 days -3.
"fraud_Casper, Hand and Zulauf",2020-05-24,0.8193637159631799,1,99.584,230.45,2489.6,53.0,0.0,-3.0,Historical evidence only: prior 7-day average transaction amount 99.58; prior 7-day maximum transaction amount 230.45; prior 7-day total transaction amount 2489.60; prior 14-day transaction count 53; prior 14-day fraud rate 0.000000; recent 7-day transaction-count change versus the preceding 7 days -3.
fraud_Miller-Hauck,2020-05-27,0.8193456191636634,1,132.77,321.37,4248.64,64.0,0.03125,0.0,Historical evidence only: prior 7-day average transaction amount 132.77; prior 7-day maximum transaction amount 321.37; prior 7-day total transaction amount 4248.64; prior 14-day transaction count 64; prior 14-day fraud rate 0.031250; recent 7-day transaction-count change versus the preceding 7 days 0.
fraud_Pacocha-O'Reilly,2020-05-07,0.8193304569544767,1,122.25258064516129,224.2,3789.83,67.0,0.0,-5.0,Historical evidence only: prior 7-day average transaction amount 122.25; prior 7-day maximum transaction amount 224.20; prior 7-day total transaction amount 3789.83; prior 14-day transaction count 67; prior 14-day fraud rate 0.000000; recent 7-day transaction-count change versus the preceding 7 days -5.
fraud_Koepp-Witting,2020-05-27,0.8193137123266956,1,101.65374999999999,202.1,2439.6899999999996,60.0,0.0,-12.0,Historical evidence only: prior 7-day average transaction amount 101.65; prior 7-day maximum transaction amount 202.10; prior 7-day total transaction amount 2439.69; prior 14-day transaction count 60; prior 14-day fraud rate 0.000000; recent 7-day transaction-count change versus the preceding 7 days -12.
fraud_O'Keefe-Hudson,2020-06-02,0.8192963724834197,1,115.32216216216216,229.52,4266.92,80.0,0.0,-6.0,Historical evidence only: prior 7-day average transaction amount 115.32; prior 7-day maximum transaction amount 229.52; prior 7-day total transaction amount 4266.92; prior 14-day transaction count 80; prior 14-day fraud rate 0.000000; recent 7-day transaction-count change versus the preceding 7 days -6.
fraud_Kunze Inc,2020-06-08,0.8192963724834197,1,107.2741935483871,216.0,3325.5,69.0,0.0,-7.0,Historical evidence only: prior 7-day average transaction amount 107.27; prior 7-day maximum transaction amount 216.00; prior 7-day total transaction amount 3325.50; prior 14-day transaction count 69; prior 14-day fraud rate 0.000000; recent 7-day transaction-count change versus the preceding 7 days -7.
fraud_Cole PLC,2020-06-09,0.8192963724834197,1,110.14470588235294,210.35,3744.92,76.0,0.0,-8.0,Historical evidence only: prior 7-day average transaction amount 110.14; prior 7-day maximum transaction amount 210.35; prior 7-day total transaction amount 3744.92; prior 14-day transaction count 76; prior 14-day fraud rate 0.000000; recent 7-day transaction-count change versus the preceding 7 days -8.
fraud_Cole PLC,2020-06-12,0.8192963724834197,1,108.11857142857141,207.77,3784.1499999999996,76.0,0.0,-6.0,Historical evidence only: prior 7-day average transaction amount 108.12; prior 7-day maximum transaction amount 207.77; prior 7-day total transaction amount 3784.15; prior 14-day transaction count 76; prior 14-day fraud rate 0.000000; recent 7-day transaction-count change versus the preceding 7 days -6.
fraud_Schamberger-O'Keefe,2020-06-14,0.8192963724834197,1,107.7125,212.72,3446.8,72.0,0.0,-8.0,Historical evidence only: prior 7-day average transaction amount 107.71; prior 7-day maximum transaction amount 212.72; prior 7-day total transaction amount 3446.80; prior 14-day transaction count 72; prior 14-day fraud rate 0.000000; recent 7-day transaction-count change versus the preceding 7 days -8.
fraud_Pacocha-O'Reilly,2020-05-14,0.8192691188627349,1,136.65379310344827,330.2,3962.96,60.0,0.03333333333333333,-2.0,Historical evidence only: prior 7-day average transaction amount 136.65; prior 7-day maximum transaction amount 330.20; prior 7-day total transaction amount 3962.96; prior 14-day transaction count 60; prior 14-day fraud rate 0.033333; recent 7-day transaction-count change versus the preceding 7 days -2.
"fraud_Kovacek, Dibbert and Ondricka",2020-06-09,0.8192608507069777,1,119.98833333333333,218.82,4319.58,70.0,0.0,2.0,Historical evidence only: prior 7-day average transaction amount 119.99; prior 7-day maximum transaction amount 218.82; prior 7-day total transaction amount 4319.58; prior 14-day transaction count 70; prior 14-day fraud rate 0.000000; recent 7-day transaction-count change versus the preceding 7 days 2.
"fraud_Schumm, Bauch and Ondricka",2020-05-05,0.8192592138297737,1,118.12135135135132,207.29,4370.489999999999,66.0,0.015151515151515152,8.0,Historical evidence only: prior 7-day average transaction amount 118.12; prior 7-day maximum transaction amount 207.29; prior 7-day total transaction amount 4370.49; prior 14-day transaction count 66; prior 14-day fraud rate 0.015152; recent 7-day transaction-count change versus the preceding 7 days 8.
fraud_Hudson-Ratke,2020-05-16,0.8191552360939146,1,116.91777777777777,199.83,3156.7799999999997,55.0,0.0,-1.0,Historical evidence only: prior 7-day average transaction amount 116.92; prior 7-day maximum transaction amount 199.83; prior 7-day total transaction amount 3156.78; prior 14-day transaction count 55; prior 14-day fraud rate 0.000000; recent 7-day transaction-count change versus the preceding 7 days -1.
fraud_Rutherford-Mertz,2020-06-12,0.8191287855084982,1,99.09500000000001,211.09,2576.4700000000003,59.0,0.0,-7.0,Historical evidence only: prior 7-day average transaction amount 99.10; prior 7-day maximum transaction amount 211.09; prior 7-day total transaction amount 2576.47; prior 14-day transaction count 59; prior 14-day fraud rate 0.000000; recent 7-day transaction-count change versus the preceding 7 days -7.
fraud_Padberg-Welch,2020-05-17,0.8190269587634046,1,109.01342105263159,213.47,4142.51,67.0,0.0,9.0,Historical evidence only: prior 7-day average transaction amount 109.01; prior 7-day maximum transaction amount 213.47; prior 7-day total transaction amount 4142.51; prior 14-day transaction count 67; prior 14-day fraud rate 0.000000; recent 7-day transaction-count change versus the preceding 7 days 9.
fraud_Pacocha-O'Reilly,2020-06-05,0.8190269587634046,1,114.19684210526317,234.09,4339.4800000000005,66.0,0.0,10.0,Historical evidence only: prior 7-day average transaction amount 114.20; prior 7-day maximum transaction amount 234.09; prior 7-day total transaction amount 4339.48; prior 14-day transaction count 66; prior 14-day fraud rate 0.000000; recent 7-day transaction-count change versus the preceding 7 days 10.
fraud_Schumm PLC,2020-05-04,0.8190235020327927,1,106.72019607843136,1014.8,5442.73,103.0,0.009708737864077669,-1.0,Historical evidence only: prior 7-day average transaction amount 106.72; prior 7-day maximum transaction amount 1014.80; prior 7-day total transaction amount 5442.73; prior 14-day transaction count 103; prior 14-day fraud rate 0.009709; recent 7-day transaction-count change versus the preceding 7 days -1.
fraud_Bogisich Inc,2020-05-14,0.8189470411944365,1,102.35392857142858,202.09,2865.9100000000003,59.0,0.0,-3.0,Historical evidence only: prior 7-day average transaction amount 102.35; prior 7-day maximum transaction amount 202.09; prior 7-day total transaction amount 2865.91; prior 14-day transaction count 59; prior 14-day fraud rate 0.000000; recent 7-day transaction-count change versus the preceding 7 days -3.
fraud_Bogisich Inc,2020-05-17,0.8189470411944365,1,99.36444444444443,202.09,2682.8399999999997,57.0,0.0,-3.0,Historical evidence only: prior 7-day average transaction amount 99.36; prior 7-day maximum transaction amount 202.09; prior 7-day total transaction amount 2682.84; prior 14-day transaction count 57; prior 14-day fraud rate 0.000000; recent 7-day transaction-count change versus the preceding 7 days -3.
"fraud_Schoen, Kuphal and Nitzsche",2020-06-14,0.8189470411944365,1,103.20299999999999,200.43,3096.0899999999997,62.0,0.0,-2.0,Historical evidence only: prior 7-day average transaction amount 103.20; prior 7-day maximum transaction amount 200.43; prior 7-day total transaction amount 3096.09; prior 14-day transaction count 62; prior 14-day fraud rate 0.000000; recent 7-day transaction-count change versus the preceding 7 days -2.
fraud_Kiehn-Emmerich,2020-05-01,0.8188760854376713,1,112.78758620689653,224.26,3270.8399999999997,63.0,0.0,-5.0,Historical evidence only: prior 7-day average transaction amount 112.79; prior 7-day maximum transaction amount 224.26; prior 7-day total transaction amount 3270.84; prior 14-day transaction count 63; prior 14-day fraud rate 0.000000; recent 7-day transaction-count change versus the preceding 7 days -5.
fraud_Kiehn-Emmerich,2020-05-04,0.8188760854376713,1,111.18307692307692,224.26,2890.76,60.0,0.0,-8.0,Historical evidence only: prior 7-day average transaction amount 111.18; prior 7-day maximum transaction amount 224.26; prior 7-day total transaction amount 2890.76; prior 14-day transaction count 60; prior 14-day fraud rate 0.000000; recent 7-day transaction-count change versus the preceding 7 days -8.
fraud_Hudson-Ratke,2020-05-05,0.8188760854376713,1,110.70357142857142,234.54,3099.7,61.0,0.0,-5.0,Historical evidence only: prior 7-day average transaction amount 110.70; prior 7-day maximum transaction amount 234.54; prior 7-day total transaction amount 3099.70; prior 14-day transaction count 61; prior 14-day fraud rate 0.000000; recent 7-day transaction-count change versus the preceding 7 days -5.
fraud_Murray-Smitham,2020-05-25,0.8188760854376713,1,114.98846153846154,219.81,2989.7,58.0,0.0,-6.0,Historical evidence only: prior 7-day average transaction amount 114.99; prior 7-day maximum transaction amount 219.81; prior 7-day total transaction amount 2989.70; prior 14-day transaction count 58; prior 14-day fraud rate 0.000000; recent 7-day transaction-count change versus the preceding 7 days -6.
"fraud_Huel, Hammes and Witting",2020-06-03,0.8188760854376713,1,109.21241379310344,207.44,3167.16,64.0,0.0,-6.0,Historical evidence only: prior 7-day average transaction amount 109.21; prior 7-day maximum transaction amount 207.44; prior 7-day total transaction amount 3167.16; prior 14-day transaction count 64; prior 14-day fraud rate 0.000000; recent 7-day transaction-count change versus the preceding 7 days -6.
fraud_McDermott-Weimann,2020-06-02,0.818849733919814,1,99.65595238095239,200.79,4185.55,77.0,0.0,7.0,Historical evidence only: prior 7-day average transaction amount 99.66; prior 7-day maximum transaction amount 200.79; prior 7-day total transaction amount 4185.55; prior 14-day transaction count 77; prior 14-day fraud rate 0.000000; recent 7-day transaction-count change versus the preceding 7 days 7.
fraud_Cole PLC,2020-06-10,0.8188295808296494,1,101.646875,207.77,3252.7,75.0,0.0,-11.0,Historical evidence only: prior 7-day average transaction amount 101.65; prior 7-day maximum transaction amount 207.77; prior 7-day total transaction amount 3252.70; prior 14-day transaction count 75; prior 14-day fraud rate 0.000000; recent 7-day transaction-count change versus the preceding 7 days -11.
fraud_Pacocha-O'Reilly,2020-06-11,0.8188295808296494,1,100.9134375,228.44,3229.23,70.0,0.0,-6.0,Historical evidence only: prior 7-day average transaction amount 100.91; prior 7-day maximum transaction amount 228.44; prior 7-day total transaction amount 3229.23; prior 14-day transaction count 70; prior 14-day fraud rate 0.000000; recent 7-day transaction-count change versus the preceding 7 days -6.
fraud_Bogisich Inc,2020-06-14,0.8188295808296494,1,103.5385294117647,214.82,3520.31,77.0,0.0,-9.0,Historical evidence only: prior 7-day average transaction amount 103.54; prior 7-day maximum transaction amount 214.82; prior 7-day total transaction amount 3520.31; prior 14-day transaction count 77; prior 14-day fraud rate 0.000000; recent 7-day transaction-count change versus the preceding 7 days -9.
fraud_Barton Inc,2020-05-04,0.8188207194610733,1,106.33468750000002,230.87,3402.7100000000005,64.0,0.015625,0.0,Historical evidence only: prior 7-day average transaction amount 106.33; prior 7-day maximum transaction amount 230.87; prior 7-day total transaction amount 3402.71; prior 14-day transaction count 64; prior 14-day fraud rate 0.015625; recent 7-day transaction-count change versus the preceding 7 days 0.
"fraud_Lockman, West and Runte",2020-05-07,0.8188207194610733,1,113.60566666666665,209.26,3408.1699999999996,59.0,0.01694915254237288,1.0,Historical evidence only: prior 7-day average transaction amount 113.61; prior 7-day maximum transaction amount 209.26; prior 7-day total transaction amount 3408.17; prior 14-day transaction count 59; prior 14-day fraud rate 0.016949; recent 7-day transaction-count change versus the preceding 7 days 1.
fraud_Bailey-Morar,2020-05-19,0.8188207194610733,1,118.62068965517241,218.99,3440.0,58.0,0.017241379310344827,0.0,Historical evidence only: prior 7-day average transaction amount 118.62; prior 7-day maximum transaction amount 218.99; prior 7-day total transaction amount 3440.00; prior 14-day transaction count 58; prior 14-day fraud rate 0.017241; recent 7-day transaction-count change versus the preceding 7 days 0.
"fraud_Schoen, Kuphal and Nitzsche",2020-06-13,0.8188207194610733,1,108.1774193548387,200.43,3353.5,64.0,0.015625,-2.0,Historical evidence only: prior 7-day average transaction amount 108.18; prior 7-day maximum transaction amount 200.43; prior 7-day total transaction amount 3353.50; prior 14-day transaction count 64; prior 14-day fraud rate 0.015625; recent 7-day transaction-count change versus the preceding 7 days -2.
fraud_Kilback LLC,2020-05-16,0.81881485188689,1,100.28106382978726,278.62,4713.210000000001,92.0,0.021739130434782608,2.0,Historical evidence only: prior 7-day average transaction amount 100.28; prior 7-day maximum transaction amount 278.62; prior 7-day total transaction amount 4713.21; prior 14-day transaction count 92; prior 14-day fraud rate 0.021739; recent 7-day transaction-count change versus the preceding 7 days 2.
fraud_Rutherford-Mertz,2020-05-05,0.818771641317588,1,115.71294117647058,214.93,3934.24,68.0,0.0,0.0,Historical evidence only: prior 7-day average transaction amount 115.71; prior 7-day maximum transaction amount 214.93; prior 7-day total transaction amount 3934.24; prior 14-day transaction count 68; prior 14-day fraud rate 0.000000; recent 7-day transaction-count change versus the preceding 7 days 0.
fraud_McDermott-Weimann,2020-05-06,0.818771641317588,1,117.50529411764705,236.63,3995.18,66.0,0.0,2.0,Historical evidence only: prior 7-day average transaction amount 117.51; prior 7-day maximum transaction amount 236.63; prior 7-day total transaction amount 3995.18; prior 14-day transaction count 66; prior 14-day fraud rate 0.000000; recent 7-day transaction-count change versus the preceding 7 days 2.
"fraud_Moen, Reinger and Murphy",2020-05-31,0.818771641317588,1,116.72428571428573,221.6,4085.3500000000004,68.0,0.0,2.0,Historical evidence only: prior 7-day average transaction amount 116.72; prior 7-day maximum transaction amount 221.60; prior 7-day total transaction amount 4085.35; prior 14-day transaction count 68; prior 14-day fraud rate 0.000000; recent 7-day transaction-count change versus the preceding 7 days 2.
"fraud_Mosciski, Gislason and Mertz",2020-06-01,0.818771641317588,1,119.36363636363636,208.85,3939.0,65.0,0.0,1.0,Historical evidence only: prior 7-day average transaction amount 119.36; prior 7-day maximum transaction amount 208.85; prior 7-day total transaction amount 3939.00; prior 14-day transaction count 65; prior 14-day fraud rate 0.000000; recent 7-day transaction-count change versus the preceding 7 days 1.
fraud_Kunze Inc,2020-06-11,0.818771641317588,1,115.72749999999999,228.09,3703.2799999999997,65.0,0.0,-1.0,Historical evidence only: prior 7-day average transaction amount 115.73; prior 7-day maximum transaction amount 228.09; prior 7-day total transaction amount 3703.28; prior 14-day transaction count 65; prior 14-day fraud rate 0.000000; recent 7-day transaction-count change versus the preceding 7 days -1.
"fraud_Schoen, Kuphal and Nitzsche",2020-05-17,0.8187489160726761,1,134.26090909090908,236.59,2953.74,45.0,0.022222222222222223,-1.0,Historical evidence only: prior 7-day average transaction amount 134.26; prior 7-day maximum transaction amount 236.59; prior 7-day total transaction amount 2953.74; prior 14-day transaction count 45; prior 14-day fraud rate 0.022222; recent 7-day transaction-count change versus the preceding 7 days -1.
fraud_Cartwright-Harris,2020-05-19,0.8186878539697313,1,111.21653846153846,289.46,2891.63,54.0,0.018518518518518517,-2.0,Historical evidence only: prior 7-day average transaction amount 111.22; prior 7-day maximum transaction amount 289.46; prior 7-day total transaction amount 2891.63; prior 14-day transaction count 54; prior 14-day fraud rate 0.018519; recent 7-day transaction-count change versus the preceding 7 days -2.
fraud_Stracke-Lemke,2020-06-09,0.8186462182041926,1,116.30433333333333,237.46,3489.13,68.0,0.014705882352941176,-8.0,Historical evidence only: prior 7-day average transaction amount 116.30; prior 7-day maximum transaction amount 237.46; prior 7-day total transaction amount 3489.13; prior 14-day transaction count 68; prior 14-day fraud rate 0.014706; recent 7-day transaction-count change versus the preceding 7 days -8.
fraud_Schumm PLC,2020-06-12,0.8186155791146948,1,82.9347619047619,911.55,5224.889999999999,111.0,0.018018018018018018,15.0,Historical evidence only: prior 7-day average transaction amount 82.93; prior 7-day maximum transaction amount 911.55; prior 7-day total transaction amount 5224.89; prior 14-day transaction count 111; prior 14-day fraud rate 0.018018; recent 7-day transaction-count change versus the preceding 7 days 15.
fraud_Cartwright-Harris,2020-06-09,0.8185488610917897,1,106.41473684210527,238.65,4043.76,75.0,0.0,1.0,Historical evidence only: prior 7-day average transaction amount 106.41; prior 7-day maximum transaction amount 238.65; prior 7-day total transaction amount 4043.76; prior 14-day transaction count 75; prior 14-day fraud rate 0.000000; recent 7-day transaction-count change versus the preceding 7 days 1.
fraud_Kiehn-Emmerich,2020-06-07,0.818484700401483,1,104.39620689655172,216.83,3027.49,73.0,0.0,-15.0,Historical evidence only: prior 7-day average transaction amount 104.40; prior 7-day maximum transaction amount 216.83; prior 7-day total transaction amount 3027.49; prior 14-day transaction count 73; prior 14-day fraud rate 0.000000; recent 7-day transaction-count change versus the preceding 7 days -15.
fraud_Cartwright-Harris,2020-05-14,0.8184583324564373,1,124.06666666666666,228.79,3722.0,66.0,0.0,-6.0,Historical evidence only: prior 7-day average transaction amount 124.07; prior 7-day maximum transaction amount 228.79; prior 7-day total transaction amount 3722.00; prior 14-day transaction count 66; prior 14-day fraud rate 0.000000; recent 7-day transaction-count change versus the preceding 7 days -6.
fraud_Hudson-Ratke,2020-05-07,0.8184084487368627,1,102.75961538461539,234.54,2671.75,60.0,0.0,-8.0,Historical evidence only: prior 7-day average transaction amount 102.76; prior 7-day maximum transaction amount 234.54; prior 7-day total transaction amount 2671.75; prior 14-day transaction count 60; prior 14-day fraud rate 0.000000; recent 7-day transaction-count change versus the preceding 7 days -8.
"fraud_Casper, Hand and Zulauf",2020-05-22,0.8184084487368627,1,104.03576923076925,230.45,2704.9300000000003,57.0,0.0,-5.0,Historical evidence only: prior 7-day average transaction amount 104.04; prior 7-day maximum transaction amount 230.45; prior 7-day total transaction amount 2704.93; prior 14-day transaction count 57; prior 14-day fraud rate 0.000000; recent 7-day transaction-count change versus the preceding 7 days -5.
fraud_Kuhic Inc,2020-05-29,0.8184084487368627,1,102.0823076923077,234.91,2654.14,59.0,0.0,-7.0,Historical evidence only: prior 7-day average transaction amount 102.08; prior 7-day maximum transaction amount 234.91; prior 7-day total transaction amount 2654.14; prior 14-day transaction count 59; prior 14-day fraud rate 0.000000; recent 7-day transaction-count change versus the preceding 7 days -7.
fraud_Rutherford-Mertz,2020-06-13,0.8184084487368627,1,97.40965517241379,211.09,2824.88,64.0,0.0,-6.0,Historical evidence only: prior 7-day average transaction amount 97.41; prior 7-day maximum transaction amount 211.09; prior 7-day total transaction amount 2824.88; prior 14-day transaction count 64; prior 14-day fraud rate 0.000000; recent 7-day transaction-count change versus the preceding 7 days -6.
fraud_Bradtke PLC,2020-06-03,0.8183629275770175,1,120.93589743589743,258.23,4716.5,76.0,0.02631578947368421,2.0,Historical evidence only: prior 7-day average transaction amount 120.94; prior 7-day maximum transaction amount 258.23; prior 7-day total transaction amount 4716.50; prior 14-day transaction count 76; prior 14-day fraud rate 0.026316; recent 7-day transaction-count change versus the preceding 7 days 2.
fraud_Barton Inc,2020-05-11,0.8183500531985293,1,102.30857142857144,202.09,2864.6400000000003,60.0,0.0,-4.0,Historical evidence only: prior 7-day average transaction amount 102.31; prior 7-day maximum transaction amount 202.09; prior 7-day total transaction amount 2864.64; prior 14-day transaction count 60; prior 14-day fraud rate 0.000000; recent 7-day transaction-count change versus the preceding 7 days -4.
"fraud_Osinski, Ledner and Leuschke",2020-05-23,0.8183468436165887,1,127.8564864864865,260.11,4730.6900000000005,57.0,0.017543859649122806,17.0,Historical evidence only: prior 7-day average transaction amount 127.86; prior 7-day maximum transaction amount 260.11; prior 7-day total transaction amount 4730.69; prior 14-day transaction count 57; prior 14-day fraud rate 0.017544; recent 7-day transaction-count change versus the preceding 7 days 17.
"fraud_Huel, Hammes and Witting",2020-05-22,0.8183135902845075,1,109.55857142857143,209.32,3067.64,50.0,0.02,6.0,Historical evidence only: prior 7-day average transaction amount 109.56; prior 7-day maximum transaction amount 209.32; prior 7-day total transaction amount 3067.64; prior 14-day transaction count 50; prior 14-day fraud rate 0.020000; recent 7-day transaction-count change versus the preceding 7 days 6.
"fraud_Huel, Hammes and Witting",2020-05-05,0.8183063064100972,1,108.69342857142857,213.14,3804.27,65.0,0.0,5.0,Historical evidence only: prior 7-day average transaction amount 108.69; prior 7-day maximum transaction amount 213.14; prior 7-day total transaction amount 3804.27; prior 14-day transaction count 65; prior 14-day fraud rate 0.000000; recent 7-day transaction-count change versus the preceding 7 days 5.
fraud_Padberg-Welch,2020-05-31,0.8183063064100972,1,113.25189189189192,217.37,4190.320000000001,68.0,0.0,6.0,Historical evidence only: prior 7-day average transaction amount 113.25; prior 7-day maximum transaction amount 217.37; prior 7-day total transaction amount 4190.32; prior 14-day transaction count 68; prior 14-day fraud rate 0.000000; recent 7-day transaction-count change versus the preceding 7 days 6.
fraud_Deckow-O'Conner,2020-06-02,0.8182428527192074,1,113.18457142857142,238.85,3961.4599999999996,68.0,0.0,2.0,Historical evidence only: prior 7-day average transaction amount 113.18; prior 7-day maximum transaction amount 238.85; prior 7-day total transaction amount 3961.46; prior 14-day transaction count 68; prior 14-day fraud rate 0.000000; recent 7-day transaction-count change versus the preceding 7 days 2.
"fraud_Kovacek, Dibbert and Ondricka",2020-06-05,0.8182370929654912,1,110.0221212121212,218.82,3630.73,61.0,0.01639344262295082,5.0,Historical evidence only: prior 7-day average transaction amount 110.02; prior 7-day maximum transaction amount 218.82; prior 7-day total transaction amount 3630.73; prior 14-day transaction count 61; prior 14-day fraud rate 0.016393; recent 7-day transaction-count change versus the preceding 7 days 5.
fraud_Bogisich Inc,2020-05-13,0.818226141231261,1,103.61137931034483,202.09,3004.73,60.0,0.0,-2.0,Historical evidence only: prior 7-day average transaction amount 103.61; prior 7-day maximum transaction amount 202.09; prior 7-day total transaction amount 3004.73; prior 14-day transaction count 60; prior 14-day fraud rate 0.000000; recent 7-day transaction-count change versus the preceding 7 days -2.
fraud_Hackett-Lueilwitz,2020-05-07,0.8182138906081197,1,114.721875,294.64,3671.1,63.0,0.015873015873015872,1.0,Historical evidence only: prior 7-day average transaction amount 114.72; prior 7-day maximum transaction amount 294.64; prior 7-day total transaction amount 3671.10; prior 14-day transaction count 63; prior 14-day fraud rate 0.015873; recent 7-day transaction-count change versus the preceding 7 days 1.
fraud_Murray-Smitham,2020-06-14,0.8182094417592022,1,109.16404761904761,207.32,4584.889999999999,84.0,0.011904761904761904,0.0,Historical evidence only: prior 7-day average transaction amount 109.16; prior 7-day maximum transaction amount 207.32; prior 7-day total transaction amount 4584.89; prior 14-day transaction count 84; prior 14-day fraud rate 0.011905; recent 7-day transaction-count change versus the preceding 7 days 0.
fraud_Heidenreich PLC,2020-05-04,0.8181567980517666,1,116.5778125,213.42,3730.49,59.0,0.03389830508474576,5.0,Historical evidence only: prior 7-day average transaction amount 116.58; prior 7-day maximum transaction amount 213.42; prior 7-day total transaction amount 3730.49; prior 14-day transaction count 59; prior 14-day fraud rate 0.033898; recent 7-day transaction-count change versus the preceding 7 days 5.
fraud_Bauch-Raynor,2020-05-23,0.8181499543971813,1,98.65714285714286,194.88,2762.4,63.0,0.0,-7.0,Historical evidence only: prior 7-day average transaction amount 98.66; prior 7-day maximum transaction amount 194.88; prior 7-day total transaction amount 2762.40; prior 14-day transaction count 63; prior 14-day fraud rate 0.000000; recent 7-day transaction-count change versus the preceding 7 days -7.
"fraud_Johnson, Runolfsdottir and Mayer",2020-06-12,0.818147885616298,1,20.07761904761905,129.7,421.63,39.0,0.02564102564102564,3.0,Historical evidence only: prior 7-day average transaction amount 20.08; prior 7-day maximum transaction amount 129.70; prior 7-day total transaction amount 421.63; prior 14-day transaction count 39; prior 14-day fraud rate 0.025641; recent 7-day transaction-count change versus the preceding 7 days 3.
fraud_Ankunding LLC,2020-05-03,0.8180895137436146,1,133.05239999999998,1124.32,3326.3099999999995,41.0,0.07317073170731707,9.0,Historical evidence only: prior 7-day average transaction amount 133.05; prior 7-day maximum transaction amount 1124.32; prior 7-day total transaction amount 3326.31; prior 14-day transaction count 41; prior 14-day fraud rate 0.073171; recent 7-day transaction-count change versus the preceding 7 days 9.
fraud_Kutch and Sons,2020-05-27,0.8180425917323975,1,120.12533333333333,224.14,3603.7599999999998,65.0,0.0,-5.0,Historical evidence only: prior 7-day average transaction amount 120.13; prior 7-day maximum transaction amount 224.14; prior 7-day total transaction amount 3603.76; prior 14-day transaction count 65; prior 14-day fraud rate 0.000000; recent 7-day transaction-count change versus the preceding 7 days -5.
fraud_Strosin-Cruickshank,2020-05-02,0.8179750208619175,1,116.01148148148148,227.49,3132.31,51.0,0.0,3.0,Historical evidence only: prior 7-day average transaction amount 116.01; prior 7-day maximum transaction amount 227.49; prior 7-day total transaction amount 3132.31; prior 14-day transaction count 51; prior 14-day fraud rate 0.000000; recent 7-day transaction-count change versus the preceding 7 days 3.
fraud_Deckow-O'Conner,2020-05-03,0.8179750208619175,1,115.88074074074073,219.26,3128.7799999999997,50.0,0.0,4.0,Historical evidence only: prior 7-day average transaction amount 115.88; prior 7-day maximum transaction amount 219.26; prior 7-day total transaction amount 3128.78; prior 14-day transaction count 50; prior 14-day fraud rate 0.000000; recent 7-day transaction-count change versus the preceding 7 days 4.
fraud_McDermott-Weimann,2020-05-17,0.8179750208619175,1,121.4251851851852,226.75,3278.4800000000005,55.0,0.0,-1.0,Historical evidence only: prior 7-day average transaction amount 121.43; prior 7-day maximum transaction amount 226.75; prior 7-day total transaction amount 3278.48; prior 14-day transaction count 55; prior 14-day fraud rate 0.000000; recent 7-day transaction-count change versus the preceding 7 days -1.
fraud_McDermott-Weimann,2020-05-22,0.8179750208619175,1,118.25999999999998,224.24,3074.7599999999993,53.0,0.0,-1.0,Historical evidence only: prior 7-day average transaction amount 118.26; prior 7-day maximum transaction amount 224.24; prior 7-day total transaction amount 3074.76; prior 14-day transaction count 53; prior 14-day fraud rate 0.000000; recent 7-day transaction-count change versus the preceding 7 days -1.
fraud_Bradtke PLC,2020-05-24,0.8179750208619175,1,125.50615384615384,212.6,3263.16,52.0,0.0,0.0,Historical evidence only: prior 7-day average transaction amount 125.51; prior 7-day maximum transaction amount 212.60; prior 7-day total transaction amount 3263.16; prior 14-day transaction count 52; prior 14-day fraud rate 0.000000; recent 7-day transaction-count change versus the preceding 7 days 0.
"fraud_Kovacek, Dibbert and Ondricka",2020-05-25,0.8179750208619175,1,117.32392857142857,209.19,3285.0699999999997,56.0,0.0,0.0,Historical evidence only: prior 7-day average transaction amount 117.32; prior 7-day maximum transaction amount 209.19; prior 7-day total transaction amount 3285.07; prior 14-day transaction count 56; prior 14-day fraud rate 0.000000; recent 7-day transaction-count change versus the preceding 7 days 0.
fraud_Cartwright-Harris,2020-05-20,0.817966151391329,1,107.13961538461538,289.46,2785.63,55.0,0.01818181818181818,-3.0,Historical evidence only: prior 7-day average transaction amount 107.14; prior 7-day maximum transaction amount 289.46; prior 7-day total transaction amount 2785.63; prior 14-day transaction count 55; prior 14-day fraud rate 0.018182; recent 7-day transaction-count change versus the preceding 7 days -3.
"fraud_Lockman, West and Runte",2020-05-02,0.8179473560557003,1,121.74333333333333,220.81,3287.0699999999997,63.0,0.031746031746031744,-9.0,Historical evidence only: prior 7-day average transaction amount 121.74; prior 7-day maximum transaction amount 220.81; prior 7-day total transaction amount 3287.07; prior 14-day transaction count 63; prior 14-day fraud rate 0.031746; recent 7-day transaction-count change versus the preceding 7 days -9.
fraud_Wolf Inc,2020-05-11,0.8179473560557003,1,114.21148148148148,225.56,3083.71,61.0,0.03278688524590164,-7.0,Historical evidence only: prior 7-day average transaction amount 114.21; prior 7-day maximum transaction amount 225.56; prior 7-day total transaction amount 3083.71; prior 14-day transaction count 61; prior 14-day fraud rate 0.032787; recent 7-day transaction-count change versus the preceding 7 days -7.
"fraud_Huel, Hammes and Witting",2020-05-11,0.8179372428590056,1,126.22074074074072,309.2,3407.9599999999996,64.0,0.03125,-10.0,Historical evidence only: prior 7-day average transaction amount 126.22; prior 7-day maximum transaction amount 309.20; prior 7-day total transaction amount 3407.96; prior 14-day transaction count 64; prior 14-day fraud rate 0.031250; recent 7-day transaction-count change versus the preceding 7 days -10.
fraud_Wolf Inc,2020-05-23,0.8179372428590056,1,120.16692307692308,306.33,3124.34,61.0,0.03278688524590164,-9.0,Historical evidence only: prior 7-day average transaction amount 120.17; prior 7-day maximum transaction amount 306.33; prior 7-day total transaction amount 3124.34; prior 14-day transaction count 61; prior 14-day fraud rate 0.032787; recent 7-day transaction-count change versus the preceding 7 days -9.
"fraud_Mosciski, Gislason and Mertz",2020-06-14,0.8179372428590056,1,120.10192307692306,313.56,3122.6499999999996,62.0,0.03225806451612903,-10.0,Historical evidence only: prior 7-day average transaction amount 120.10; prior 7-day maximum transaction amount 313.56; prior 7-day total transaction amount 3122.65; prior 14-day transaction count 62; prior 14-day fraud rate 0.032258; recent 7-day transaction-count change versus the preceding 7 days -10.
"fraud_Schumm, Bauch and Ondricka",2020-05-11,0.8179139816137428,1,117.61174999999999,293.71,4704.469999999999,73.0,0.0136986301369863,7.0,Historical evidence only: prior 7-day average transaction amount 117.61; prior 7-day maximum transaction amount 293.71; prior 7-day total transaction amount 4704.47; prior 14-day transaction count 73; prior 14-day fraud rate 0.013699; recent 7-day transaction-count change versus the preceding 7 days 7.
fraud_Pacocha-Bauch,2020-05-02,0.8178973030077749,1,391.47193548387094,6853.9,12135.63,65.0,0.015384615384615385,-3.0,Historical evidence only: prior 7-day average transaction amount 391.47; prior 7-day maximum transaction amount 6853.90; prior 7-day total transaction amount 12135.63; prior 14-day transaction count 65; prior 14-day fraud rate 0.015385; recent 7-day transaction-count change versus the preceding 7 days -3.
fraud_Metz-Boehm,2020-06-01,0.8178965148670293,1,131.0722,1002.39,6553.610000000001,82.0,0.024390243902439025,18.0,Historical evidence only: prior 7-day average transaction amount 131.07; prior 7-day maximum transaction amount 1002.39; prior 7-day total transaction amount 6553.61; prior 14-day transaction count 82; prior 14-day fraud rate 0.024390; recent 7-day transaction-count change versus the preceding 7 days 18.
fraud_Hudson-Ratke,2020-06-12,0.8178670578585336,1,122.18416666666667,230.47,4398.63,85.0,0.0,-13.0,Historical evidence only: prior 7-day average transaction amount 122.18; prior 7-day maximum transaction amount 230.47; prior 7-day total transaction amount 4398.63; prior 14-day transaction count 85; prior 14-day fraud rate 0.000000; recent 7-day transaction-count change versus the preceding 7 days -13.
fraud_Rutherford-Mertz,2020-05-06,0.8177913073596398,1,117.30542857142856,196.71,4105.69,67.0,0.0,3.0,Historical evidence only: prior 7-day average transaction amount 117.31; prior 7-day maximum transaction amount 196.71; prior 7-day total transaction amount 4105.69; prior 14-day transaction count 67; prior 14-day fraud rate 0.000000; recent 7-day transaction-count change versus the preceding 7 days 3.
fraud_Bailey-Morar,2020-05-11,0.8177701986842123,1,101.59342857142859,204.12,3555.7700000000004,61.0,0.0,9.0,Historical evidence only: prior 7-day average transaction amount 101.59; prior 7-day maximum transaction amount 204.12; prior 7-day total transaction amount 3555.77; prior 14-day transaction count 61; prior 14-day fraud rate 0.000000; recent 7-day transaction-count change versus the preceding 7 days 9.
"fraud_Rowe, Batz and Goodwin",2020-05-20,0.8177681736176138,1,103.69764705882353,233.08,3525.7200000000003,63.0,0.015873015873015872,5.0,Historical evidence only: prior 7-day average transaction amount 103.70; prior 7-day maximum transaction amount 233.08; prior 7-day total transaction amount 3525.72; prior 14-day transaction count 63; prior 14-day fraud rate 0.015873; recent 7-day transaction-count change versus the preceding 7 days 5.
fraud_Bauch-Raynor,2020-05-21,0.8177681736176138,1,102.76882352941176,227.36,3494.14,62.0,0.016129032258064516,6.0,Historical evidence only: prior 7-day average transaction amount 102.77; prior 7-day maximum transaction amount 227.36; prior 7-day total transaction amount 3494.14; prior 14-day transaction count 62; prior 14-day fraud rate 0.016129; recent 7-day transaction-count change versus the preceding 7 days 6.
fraud_McDermott-Weimann,2020-05-05,0.8177359196745414,1,121.65533333333333,236.63,3649.66,66.0,0.0,-6.0,Historical evidence only: prior 7-day average transaction amount 121.66; prior 7-day maximum transaction amount 236.63; prior 7-day total transaction amount 3649.66; prior 14-day transaction count 66; prior 14-day fraud rate 0.000000; recent 7-day transaction-count change versus the preceding 7 days -6.
fraud_Kiehn-Emmerich,2020-05-03,0.8176491814090084,1,110.98481481481483,224.26,2996.59,60.0,0.0,-6.0,Historical evidence only: prior 7-day average transaction amount 110.98; prior 7-day maximum transaction amount 224.26; prior 7-day total transaction amount 2996.59; prior 14-day transaction count 60; prior 14-day fraud rate 0.000000; recent 7-day transaction-count change versus the preceding 7 days -6.
fraud_Kutch and Sons,2020-05-28,0.8176491814090084,1,114.88730769230766,224.14,2987.0699999999993,61.0,0.0,-9.0,Historical evidence only: prior 7-day average transaction amount 114.89; prior 7-day maximum transaction amount 224.14; prior 7-day total transaction amount 2987.07; prior 14-day transaction count 61; prior 14-day fraud rate 0.000000; recent 7-day transaction-count change versus the preceding 7 days -9.
fraud_Hudson-Ratke,2020-05-23,0.8176405887845309,1,115.11,238.99,2992.86,53.0,0.0,-1.0,Historical evidence only: prior 7-day average transaction amount 115.11; prior 7-day maximum transaction amount 238.99; prior 7-day total transaction amount 2992.86; prior 14-day transaction count 53; prior 14-day fraud rate 0.000000; recent 7-day transaction-count change versus the preceding 7 days -1.
fraud_Koepp-Parker,2020-05-02,0.8176358798949532,1,109.40799999999999,218.99,3282.24,64.0,0.0,-4.0,Historical evidence only: prior 7-day average transaction amount 109.41; prior 7-day maximum transaction amount 218.99; prior 7-day total transaction amount 3282.24; prior 14-day transaction count 64; prior 14-day fraud rate 0.000000; recent 7-day transaction-count change versus the preceding 7 days -4.
fraud_Bailey-Morar,2020-05-21,0.8175935239332925,1,122.05357142857143,215.54,3417.5,58.0,0.017241379310344827,-2.0,Historical evidence only: prior 7-day average transaction amount 122.05; prior 7-day maximum transaction amount 215.54; prior 7-day total transaction amount 3417.50; prior 14-day transaction count 58; prior 14-day fraud rate 0.017241; recent 7-day transaction-count change versus the preceding 7 days -2.
"fraud_Weimann, Kuhic and Beahan",2020-06-05,0.8175805214498086,1,90.70960784313726,1490.62,4626.1900000000005,93.0,0.021505376344086023,9.0,Historical evidence only: prior 7-day average transaction amount 90.71; prior 7-day maximum transaction amount 1490.62; prior 7-day total transaction amount 4626.19; prior 14-day transaction count 93; prior 14-day fraud rate 0.021505; recent 7-day transaction-count change versus the preceding 7 days 9.
fraud_DuBuque LLC,2020-05-05,0.8175789074420361,1,115.98078947368423,227.97,4407.27,62.0,0.0,14.0,Historical evidence only: prior 7-day average transaction amount 115.98; prior 7-day maximum transaction amount 227.97; prior 7-day total transaction amount 4407.27; prior 14-day transaction count 62; prior 14-day fraud rate 0.000000; recent 7-day transaction-count change versus the preceding 7 days 14.
fraud_Pacocha-O'Reilly,2020-06-03,0.8175789074420361,1,118.53702702702702,234.09,4385.87,69.0,0.0,5.0,Historical evidence only: prior 7-day average transaction amount 118.54; prior 7-day maximum transaction amount 234.09; prior 7-day total transaction amount 4385.87; prior 14-day transaction count 69; prior 14-day fraud rate 0.000000; recent 7-day transaction-count change versus the preceding 7 days 5.
fraud_Koepp-Witting,2020-06-02,0.8175713102629547,1,111.71272727272726,312.81,4915.36,77.0,0.025974025974025976,11.0,Historical evidence only: prior 7-day average transaction amount 111.71; prior 7-day maximum transaction amount 312.81; prior 7-day total transaction amount 4915.36; prior 14-day transaction count 77; prior 14-day fraud rate 0.025974; recent 7-day transaction-count change versus the preceding 7 days 11.
fraud_Cole PLC,2020-05-26,0.8175556923533722,1,107.21545454545456,217.61,2358.7400000000002,49.0,0.0,-5.0,Historical evidence only: prior 7-day average transaction amount 107.22; prior 7-day maximum transaction amount 217.61; prior 7-day total transaction amount 2358.74; prior 14-day transaction count 49; prior 14-day fraud rate 0.000000; recent 7-day transaction-count change versus the preceding 7 days -5.
fraud_Wolf Inc,2020-05-28,0.817525308305565,1,131.79212121212123,306.33,4349.14,62.0,0.03225806451612903,4.0,Historical evidence only: prior 7-day average transaction amount 131.79; prior 7-day maximum transaction amount 306.33; prior 7-day total transaction amount 4349.14; prior 14-day transaction count 62; prior 14-day fraud rate 0.032258; recent 7-day transaction-count change versus the preceding 7 days 4.
fraud_Hudson-Ratke,2020-05-06,0.8175115893935042,1,109.25888888888888,234.54,2949.99,57.0,0.0,-3.0,Historical evidence only: prior 7-day average transaction amount 109.26; prior 7-day maximum transaction amount 234.54; prior 7-day total transaction amount 2949.99; prior 14-day transaction count 57; prior 14-day fraud rate 0.000000; recent 7-day transaction-count change versus the preceding 7 days -3.
fraud_McDermott-Weimann,2020-05-09,0.8175115893935042,1,106.68100000000001,217.05,3200.4300000000003,59.0,0.0,1.0,Historical evidence only: prior 7-day average transaction amount 106.68; prior 7-day maximum transaction amount 217.05; prior 7-day total transaction amount 3200.43; prior 14-day transaction count 59; prior 14-day fraud rate 0.000000; recent 7-day transaction-count change versus the preceding 7 days 1.
fraud_Miller-Hauck,2020-05-12,0.8175115893935042,1,106.271,210.99,3188.13,62.0,0.0,-2.0,Historical evidence only: prior 7-day average transaction amount 106.27; prior 7-day maximum transaction amount 210.99; prior 7-day total transaction amount 3188.13; prior 14-day transaction count 62; prior 14-day fraud rate 0.000000; recent 7-day transaction-count change versus the preceding 7 days -2.
fraud_Miller-Hauck,2020-05-13,0.8175115893935042,1,106.36931034482758,210.99,3084.71,58.0,0.0,0.0,Historical evidence only: prior 7-day average transaction amount 106.37; prior 7-day maximum transaction amount 210.99; prior 7-day total transaction amount 3084.71; prior 14-day transaction count 58; prior 14-day fraud rate 0.000000; recent 7-day transaction-count change versus the preceding 7 days 0.
fraud_Miller-Hauck,2020-05-14,0.8175115893935042,1,104.55103448275862,210.99,3031.98,57.0,0.0,1.0,Historical evidence only: prior 7-day average transaction amount 104.55; prior 7-day maximum transaction amount 210.99; prior 7-day total transaction amount 3031.98; prior 14-day transaction count 57; prior 14-day fraud rate 0.000000; recent 7-day transaction-count change versus the preceding 7 days 1.
fraud_Miller-Hauck,2020-05-15,0.8175115893935042,1,106.29366666666667,210.99,3188.81,59.0,0.0,1.0,Historical evidence only: prior 7-day average transaction amount 106.29; prior 7-day maximum transaction amount 210.99; prior 7-day total transaction amount 3188.81; prior 14-day transaction count 59; prior 14-day fraud rate 0.000000; recent 7-day transaction-count change versus the preceding 7 days 1.
"fraud_Huel, Hammes and Witting",2020-06-07,0.8175115893935042,1,110.93689655172415,204.28,3217.17,60.0,0.0,-2.0,Historical evidence only: prior 7-day average transaction amount 110.94; prior 7-day maximum transaction amount 204.28; prior 7-day total transaction amount 3217.17; prior 14-day transaction count 60; prior 14-day fraud rate 0.000000; recent 7-day transaction-count change versus the preceding 7 days -2.
fraud_Kuhic Inc,2020-05-24,0.8175080963969698,1,110.24827586206898,213.57,3197.2000000000003,53.0,0.0,5.0,Historical evidence only: prior 7-day average transaction amount 110.25; prior 7-day maximum transaction amount 213.57; prior 7-day total transaction amount 3197.20; prior 14-day transaction count 53; prior 14-day fraud rate 0.000000; recent 7-day transaction-count change versus the preceding 7 days 5.
"fraud_Moen, Reinger and Murphy",2020-05-14,0.8175056178358306,1,132.65,305.13,3846.85,63.0,0.06349206349206349,-5.0,Historical evidence only: prior 7-day average transaction amount 132.65; prior 7-day maximum transaction amount 305.13; prior 7-day total transaction amount 3846.85; prior 14-day transaction count 63; prior 14-day fraud rate 0.063492; recent 7-day transaction-count change versus the preceding 7 days -5.
fraud_Murray-Smitham,2020-06-02,0.8174666211410543,1,109.64275,209.78,4385.71,73.0,0.0,7.0,Historical evidence only: prior 7-day average transaction amount 109.64; prior 7-day maximum transaction amount 209.78; prior 7-day total transaction amount 4385.71; prior 14-day transaction count 73; prior 14-day fraud rate 0.000000; recent 7-day transaction-count change versus the preceding 7 days 7.
fraud_Hudson-Ratke,2020-05-18,0.8174278546925742,1,126.71038461538463,238.99,3294.4700000000003,56.0,0.0,-4.0,Historical evidence only: prior 7-day average transaction amount 126.71; prior 7-day maximum transaction amount 238.99; prior 7-day total transaction amount 3294.47; prior 14-day transaction count 56; prior 14-day fraud rate 0.000000; recent 7-day transaction-count change versus the preceding 7 days -4.
fraud_Pacocha-O'Reilly,2020-05-25,0.817400911022838,1,104.84241379310346,217.83,3040.4300000000003,62.0,0.03225806451612903,-4.0,Historical evidence only: prior 7-day average transaction amount 104.84; prior 7-day maximum transaction amount 217.83; prior 7-day total transaction amount 3040.43; prior 14-day transaction count 62; prior 14-day fraud rate 0.032258; recent 7-day transaction-count change versus the preceding 7 days -4.
fraud_Kiehn-Emmerich,2020-06-06,0.817385943529839,1,98.96166666666666,216.83,2968.85,77.0,0.012987012987012988,-17.0,Historical evidence only: prior 7-day average transaction amount 98.96; prior 7-day maximum transaction amount 216.83; prior 7-day total transaction amount 2968.85; prior 14-day transaction count 77; prior 14-day fraud rate 0.012987; recent 7-day transaction-count change versus the preceding 7 days -17.
fraud_Pacocha-O'Reilly,2020-05-10,0.8172987384414194,1,121.13310344827586,224.2,3512.86,62.0,0.0,-4.0,Historical evidence only: prior 7-day average transaction amount 121.13; prior 7-day maximum transaction amount 224.20; prior 7-day total transaction amount 3512.86; prior 14-day transaction count 62; prior 14-day fraud rate 0.000000; recent 7-day transaction-count change versus the preceding 7 days -4.
fraud_Doyle Ltd,2020-05-15,0.8172764961665387,1,111.81965517241379,216.28,3242.77,57.0,0.03508771929824561,1.0,Historical evidence only: prior 7-day average transaction amount 111.82; prior 7-day maximum transaction amount 216.28; prior 7-day total transaction amount 3242.77; prior 14-day transaction count 57; prior 14-day fraud rate 0.035088; recent 7-day transaction-count change versus the preceding 7 days 1.
"fraud_Osinski, Ledner and Leuschke",2020-05-04,0.8172511142595538,1,117.78692307692307,206.1,3062.46,52.0,0.0,0.0,Historical evidence only: prior 7-day average transaction amount 117.79; prior 7-day maximum transaction amount 206.10; prior 7-day total transaction amount 3062.46; prior 14-day transaction count 52; prior 14-day fraud rate 0.000000; recent 7-day transaction-count change versus the preceding 7 days 0.
fraud_McDermott-Weimann,2020-05-23,0.8172511142595538,1,116.89629629629628,225.54,3156.2,55.0,0.0,-1.0,Historical evidence only: prior 7-day average transaction amount 116.90; prior 7-day maximum transaction amount 225.54; prior 7-day total transaction amount 3156.20; prior 14-day transaction count 55; prior 14-day fraud rate 0.000000; recent 7-day transaction-count change versus the preceding 7 days -1.
fraud_Barton Inc,2020-05-30,0.8171914931124874,1,124.78312500000001,228.21,3993.0600000000004,64.0,0.046875,0.0,Historical evidence only: prior 7-day average transaction amount 124.78; prior 7-day maximum transaction amount 228.21; prior 7-day total transaction amount 3993.06; prior 14-day transaction count 64; prior 14-day fraud rate 0.046875; recent 7-day transaction-count change versus the preceding 7 days 0.
fraud_Miller-Hauck,2020-05-18,0.817179084227384,1,100.10115384615385,211.48,2602.63,58.0,0.0,-6.0,Historical evidence only: prior 7-day average transaction amount 100.10; prior 7-day maximum transaction amount 211.48; prior 7-day total transaction amount 2602.63; prior 14-day transaction count 58; prior 14-day fraud rate 0.000000; recent 7-day transaction-count change versus the preceding 7 days -6.
fraud_DuBuque LLC,2020-05-01,0.8171742695400647,1,126.81142857142858,227.97,3550.7200000000003,57.0,0.0,-1.0,Historical evidence only: prior 7-day average transaction amount 126.81; prior 7-day maximum transaction amount 227.97; prior 7-day total transaction amount 3550.72; prior 14-day transaction count 57; prior 14-day fraud rate 0.000000; recent 7-day transaction-count change versus the preceding 7 days -1.
"fraud_Huel, Hammes and Witting",2020-05-03,0.8171742695400647,1,116.82387096774194,213.14,3621.54,58.0,0.0,4.0,Historical evidence only: prior 7-day average transaction amount 116.82; prior 7-day maximum transaction amount 213.14; prior 7-day total transaction amount 3621.54; prior 14-day transaction count 58; prior 14-day fraud rate 0.000000; recent 7-day transaction-count change versus the preceding 7 days 4.
fraud_Kiehn-Emmerich,2020-05-08,0.8171742695400647,1,123.01035714285715,211.27,3444.29,57.0,0.0,-1.0,Historical evidence only: prior 7-day average transaction amount 123.01; prior 7-day maximum transaction amount 211.27; prior 7-day total transaction amount 3444.29; prior 14-day transaction count 57; prior 14-day fraud rate 0.000000; recent 7-day transaction-count change versus the preceding 7 days -1.
fraud_McDermott-Weimann,2020-05-16,0.8171742695400647,1,118.24821428571428,226.75,3310.95,58.0,0.0,-2.0,Historical evidence only: prior 7-day average transaction amount 118.25; prior 7-day maximum transaction amount 226.75; prior 7-day total transaction amount 3310.95; prior 14-day transaction count 58; prior 14-day fraud rate 0.000000; recent 7-day transaction-count change versus the preceding 7 days -2.
fraud_Pacocha-O'Reilly,2020-05-28,0.8171742695400647,1,115.982,217.83,3479.46,61.0,0.0,-1.0,Historical evidence only: prior 7-day average transaction amount 115.98; prior 7-day maximum transaction amount 217.83; prior 7-day total transaction amount 3479.46; prior 14-day transaction count 61; prior 14-day fraud rate 0.000000; recent 7-day transaction-count change versus the preceding 7 days -1.
fraud_Schamberger-O'Keefe,2020-05-28,0.8171742695400647,1,127.35888888888888,220.0,3438.69,57.0,0.0,-3.0,Historical evidence only: prior 7-day average transaction amount 127.36; prior 7-day maximum transaction amount 220.00; prior 7-day total transaction amount 3438.69; prior 14-day transaction count 57; prior 14-day fraud rate 0.000000; recent 7-day transaction-count change versus the preceding 7 days -3.
fraud_Pacocha-O'Reilly,2020-05-29,0.8171742695400647,1,118.45642857142857,217.83,3316.78,57.0,0.0,-1.0,Historical evidence only: prior 7-day average transaction amount 118.46; prior 7-day maximum transaction amount 217.83; prior 7-day total transaction amount 3316.78; prior 14-day transaction count 57; prior 14-day fraud rate 0.000000; recent 7-day transaction-count change versus the preceding 7 days -1.
fraud_Schamberger-O'Keefe,2020-05-29,0.8171742695400647,1,122.25206896551724,220.0,3545.31,58.0,0.0,0.0,Historical evidence only: prior 7-day average transaction amount 122.25; prior 7-day maximum transaction amount 220.00; prior 7-day total transaction amount 3545.31; prior 14-day transaction count 58; prior 14-day fraud rate 0.000000; recent 7-day transaction-count change versus the preceding 7 days 0.
fraud_Kuhic Inc,2020-06-06,0.8171742695400647,1,127.14464285714287,216.8,3560.05,57.0,0.0,-1.0,Historical evidence only: prior 7-day average transaction amount 127.14; prior 7-day maximum transaction amount 216.80; prior 7-day total transaction amount 3560.05; prior 14-day transaction count 57; prior 14-day fraud rate 0.000000; recent 7-day transaction-count change versus the preceding 7 days -1.
fraud_Bailey-Morar,2020-06-11,0.8171742695400647,1,116.29709677419355,222.87,3605.21,60.0,0.0,2.0,Historical evidence only: prior 7-day average transaction amount 116.30; prior 7-day maximum transaction amount 222.87; prior 7-day total transaction amount 3605.21; prior 14-day transaction count 60; prior 14-day fraud rate 0.000000; recent 7-day transaction-count change versus the preceding 7 days 2.
fraud_Bailey-Morar,2020-06-12,0.8171742695400647,1,118.67827586206897,222.87,3441.67,58.0,0.0,0.0,Historical evidence only: prior 7-day average transaction amount 118.68; prior 7-day maximum transaction amount 222.87; prior 7-day total transaction amount 3441.67; prior 14-day transaction count 58; prior 14-day fraud rate 0.000000; recent 7-day transaction-count change versus the preceding 7 days 0.
"fraud_Goldner, Kovacek and Abbott",2020-05-19,0.8171707715308815,1,116.73666666666666,226.01,3502.1,53.0,0.0,7.0,Historical evidence only: prior 7-day average transaction amount 116.74; prior 7-day maximum transaction amount 226.01; prior 7-day total transaction amount 3502.10; prior 14-day transaction count 53; prior 14-day fraud rate 0.000000; recent 7-day transaction-count change versus the preceding 7 days 7.
"fraud_Schultz, Simonis and Little",2020-05-28,0.8171707715308815,1,118.366,211.47,3550.98,53.0,0.0,7.0,Historical evidence only: prior 7-day average transaction amount 118.37; prior 7-day maximum transaction amount 211.47; prior 7-day total transaction amount 3550.98; prior 14-day transaction count 53; prior 14-day fraud rate 0.000000; recent 7-day transaction-count change versus the preceding 7 days 7.
"fraud_Schultz, Simonis and Little",2020-05-30,0.8171707715308815,1,117.61967741935484,211.47,3646.21,51.0,0.0,11.0,Historical evidence only: prior 7-day average transaction amount 117.62; prior 7-day maximum transaction amount 211.47; prior 7-day total transaction amount 3646.21; prior 14-day transaction count 51; prior 14-day fraud rate 0.000000; recent 7-day transaction-count change versus the preceding 7 days 11.
fraud_Hackett-Lueilwitz,2020-05-10,0.8170935528043669,1,120.50285714285714,294.64,3374.08,58.0,0.017241379310344827,-2.0,Historical evidence only: prior 7-day average transaction amount 120.50; prior 7-day maximum transaction amount 294.64; prior 7-day total transaction amount 3374.08; prior 14-day transaction count 58; prior 14-day fraud rate 0.017241; recent 7-day transaction-count change versus the preceding 7 days -2.
"fraud_Kovacek, Dibbert and Ondricka",2020-05-17,0.8170467198391305,1,113.8294117647059,207.02,3870.2000000000003,64.0,0.015625,4.0,Historical evidence only: prior 7-day average transaction amount 113.83; prior 7-day maximum transaction amount 207.02; prior 7-day total transaction amount 3870.20; prior 14-day transaction count 64; prior 14-day fraud rate 0.015625; recent 7-day transaction-count change versus the preceding 7 days 4.
fraud_McDermott-Weimann,2020-05-10,0.8170412168726553,1,102.61642857142856,216.87,2873.2599999999998,58.0,0.0,-2.0,Historical evidence only: prior 7-day average transaction amount 102.62; prior 7-day maximum transaction amount 216.87; prior 7-day total transaction amount 2873.26; prior 14-day transaction count 58; prior 14-day fraud rate 0.000000; recent 7-day transaction-count change versus the preceding 7 days -2.
fraud_McDermott-Weimann,2020-05-12,0.8170412168726553,1,97.7075,223.83,2735.81,58.0,0.0,-2.0,Historical evidence only: prior 7-day average transaction amount 97.71; prior 7-day maximum transaction amount 223.83; prior 7-day total transaction amount 2735.81; prior 14-day transaction count 58; prior 14-day fraud rate 0.000000; recent 7-day transaction-count change versus the preceding 7 days -2.
fraud_Kuhic Inc,2020-05-28,0.8170412168726553,1,101.95,234.91,2752.65,57.0,0.0,-3.0,Historical evidence only: prior 7-day average transaction amount 101.95; prior 7-day maximum transaction amount 234.91; prior 7-day total transaction amount 2752.65; prior 14-day transaction count 57; prior 14-day fraud rate 0.000000; recent 7-day transaction-count change versus the preceding 7 days -3.
fraud_Hudson-Ratke,2020-05-26,0.8169109264353164,1,107.15888888888888,231.86,2893.29,58.0,0.0,-4.0,Historical evidence only: prior 7-day average transaction amount 107.16; prior 7-day maximum transaction amount 231.86; prior 7-day total transaction amount 2893.29; prior 14-day transaction count 58; prior 14-day fraud rate 0.000000; recent 7-day transaction-count change versus the preceding 7 days -4.
fraud_Koepp-Witting,2020-05-18,0.8169020694760732,1,103.65679999999999,198.53,2591.4199999999996,48.0,0.0,2.0,Historical evidence only: prior 7-day average transaction amount 103.66; prior 7-day maximum transaction amount 198.53; prior 7-day total transaction amount 2591.42; prior 14-day transaction count 48; prior 14-day fraud rate 0.000000; recent 7-day transaction-count change versus the preceding 7 days 2.
fraud_Strosin-Cruickshank,2020-05-16,0.8168883882791433,1,111.86108108108107,204.8,4138.86,67.0,0.0,7.0,Historical evidence only: prior 7-day average transaction amount 111.86; prior 7-day maximum transaction amount 204.80; prior 7-day total transaction amount 4138.86; prior 14-day transaction count 67; prior 14-day fraud rate 0.000000; recent 7-day transaction-count change versus the preceding 7 days 7.
"fraud_Casper, Hand and Zulauf",2020-05-21,0.8168769413735896,1,105.10636363636364,229.8,2312.34,51.0,0.0,-7.0,Historical evidence only: prior 7-day average transaction amount 105.11; prior 7-day maximum transaction amount 229.80; prior 7-day total transaction amount 2312.34; prior 14-day transaction count 51; prior 14-day fraud rate 0.000000; recent 7-day transaction-count change versus the preceding 7 days -7.
fraud_Bradtke PLC,2020-06-14,0.816845389136259,1,118.945,237.41,4519.91,74.0,0.0,2.0,Historical evidence only: prior 7-day average transaction amount 118.94; prior 7-day maximum transaction amount 237.41; prior 7-day total transaction amount 4519.91; prior 14-day transaction count 74; prior 14-day fraud rate 0.000000; recent 7-day transaction-count change versus the preceding 7 days 2.
"fraud_Schultz, Simonis and Little",2020-05-11,0.8168452895973631,1,117.69321428571428,228.85,3295.41,70.0,0.0,-14.0,Historical evidence only: prior 7-day average transaction amount 117.69; prior 7-day maximum transaction amount 228.85; prior 7-day total transaction amount 3295.41; prior 14-day transaction count 70; prior 14-day fraud rate 0.000000; recent 7-day transaction-count change versus the preceding 7 days -14.
fraud_Kutch and Sons,2020-05-05,0.8168112462455513,1,107.87874999999998,236.02,5178.179999999999,84.0,0.0,12.0,Historical evidence only: prior 7-day average transaction amount 107.88; prior 7-day maximum transaction amount 236.02; prior 7-day total transaction amount 5178.18; prior 14-day transaction count 84; prior 14-day fraud rate 0.000000; recent 7-day transaction-count change versus the preceding 7 days 12.
"fraud_Casper, Hand and Zulauf",2020-05-02,0.8167881538937822,1,135.40258064516127,312.01,4197.48,49.0,0.02040816326530612,13.0,Historical evidence only: prior 7-day average transaction amount 135.40; prior 7-day maximum transaction amount 312.01; prior 7-day total transaction amount 4197.48; prior 14-day transaction count 49; prior 14-day fraud rate 0.020408; recent 7-day transaction-count change versus the preceding 7 days 13.
fraud_Cole PLC,2020-05-06,0.8167862525559836,1,109.19366666666664,218.23,3275.8099999999995,63.0,0.0,-3.0,Historical evidence only: prior 7-day average transaction amount 109.19; prior 7-day maximum transaction amount 218.23; prior 7-day total transaction amount 3275.81; prior 14-day transaction count 63; prior 14-day fraud rate 0.000000; recent 7-day transaction-count change versus the preceding 7 days -3.
fraud_Hudson-Ratke,2020-05-09,0.8167862525559836,1,106.51,234.54,2982.28,57.0,0.0,-1.0,Historical evidence only: prior 7-day average transaction amount 106.51; prior 7-day maximum transaction amount 234.54; prior 7-day total transaction amount 2982.28; prior 14-day transaction count 57; prior 14-day fraud rate 0.000000; recent 7-day transaction-count change versus the preceding 7 days -1.
fraud_Kutch and Sons,2020-05-29,0.8167862525559836,1,112.20103448275859,224.14,3253.829999999999,58.0,0.0,0.0,Historical evidence only: prior 7-day average transaction amount 112.20; prior 7-day maximum transaction amount 224.14; prior 7-day total transaction amount 3253.83; prior 14-day transaction count 58; prior 14-day fraud rate 0.000000; recent 7-day transaction-count change versus the preceding 7 days 0.
fraud_Kuhic Inc,2020-05-30,0.8167862525559836,1,104.6906896551724,234.91,3036.0299999999997,57.0,0.0,1.0,Historical evidence only: prior 7-day average transaction amount 104.69; prior 7-day maximum transaction amount 234.91; prior 7-day total transaction amount 3036.03; prior 14-day transaction count 57; prior 14-day fraud rate 0.000000; recent 7-day transaction-count change versus the preceding 7 days 1.
fraud_Vandervort-Funk,2020-05-24,0.8167647280728417,1,125.95851851851852,309.75,3400.88,54.0,0.037037037037037035,0.0,Historical evidence only: prior 7-day average transaction amount 125.96; prior 7-day maximum transaction amount 309.75; prior 7-day total transaction amount 3400.88; prior 14-day transaction count 54; prior 14-day fraud rate 0.037037; recent 7-day transaction-count change versus the preceding 7 days 0.
fraud_Koepp-Witting,2020-05-26,0.8167057512942678,1,110.62363636363635,218.73,3650.5799999999995,58.0,0.0,8.0,Historical evidence only: prior 7-day average transaction amount 110.62; prior 7-day maximum transaction amount 218.73; prior 7-day total transaction amount 3650.58; prior 14-day transaction count 58; prior 14-day fraud rate 0.000000; recent 7-day transaction-count change versus the preceding 7 days 8.
fraud_Kuhic Inc,2020-06-03,0.8167057512942678,1,113.02031249999999,216.56,3616.6499999999996,58.0,0.0,6.0,Historical evidence only: prior 7-day average transaction amount 113.02; prior 7-day maximum transaction amount 216.56; prior 7-day total transaction amount 3616.65; prior 14-day transaction count 58; prior 14-day fraud rate 0.000000; recent 7-day transaction-count change versus the preceding 7 days 6.
fraud_Kuhic Inc,2020-05-10,0.8166872206404623,1,100.02259259259257,183.92,2700.6099999999997,60.0,0.016666666666666666,-6.0,Historical evidence only: prior 7-day average transaction amount 100.02; prior 7-day maximum transaction amount 183.92; prior 7-day total transaction amount 2700.61; prior 14-day transaction count 60; prior 14-day fraud rate 0.016667; recent 7-day transaction-count change versus the preceding 7 days -6.
"fraud_Rowe, Batz and Goodwin",2020-05-24,0.8166872206404623,1,92.25153846153846,193.18,2398.54,57.0,0.017543859649122806,-5.0,Historical evidence only: prior 7-day average transaction amount 92.25; prior 7-day maximum transaction amount 193.18; prior 7-day total transaction amount 2398.54; prior 14-day transaction count 57; prior 14-day fraud rate 0.017544; recent 7-day transaction-count change versus the preceding 7 days -5.
fraud_O'Keefe-Hudson,2020-05-01,0.8166637420529446,1,108.25035714285715,195.63,3031.01,48.0,0.0,8.0,Historical evidence only: prior 7-day average transaction amount 108.25; prior 7-day maximum transaction amount 195.63; prior 7-day total transaction amount 3031.01; prior 14-day transaction count 48; prior 14-day fraud rate 0.000000; recent 7-day transaction-count change versus the preceding 7 days 8.
"fraud_Kuhic, Bins and Pfeffer",2020-05-22,0.8166539201353098,1,121.18458333333326,1018.71,2908.4299999999985,52.0,0.057692307692307696,-4.0,Historical evidence only: prior 7-day average transaction amount 121.18; prior 7-day maximum transaction amount 1018.71; prior 7-day total transaction amount 2908.43; prior 14-day transaction count 52; prior 14-day fraud rate 0.057692; recent 7-day transaction-count change versus the preceding 7 days -4.
fraud_Koepp-Witting,2020-05-17,0.8166469547645877,1,107.92958333333331,198.53,2590.3099999999995,47.0,0.0,1.0,Historical evidence only: prior 7-day average transaction amount 107.93; prior 7-day maximum transaction amount 198.53; prior 7-day total transaction amount 2590.31; prior 14-day transaction count 47; prior 14-day fraud rate 0.000000; recent 7-day transaction-count change versus the preceding 7 days 1.
"fraud_Goldner, Kovacek and Abbott",2020-05-24,0.816641380400463,1,126.4158620689655,232.66,3666.0599999999995,53.0,0.0,5.0,Historical evidence only: prior 7-day average transaction amount 126.42; prior 7-day maximum transaction amount 232.66; prior 7-day total transaction amount 3666.06; prior 14-day transaction count 53; prior 14-day fraud rate 0.000000; recent 7-day transaction-count change versus the preceding 7 days 5.
"fraud_Goldner, Kovacek and Abbott",2020-05-14,0.8166412139298029,1,106.86681818181819,214.82,2351.07,54.0,0.037037037037037035,-10.0,Historical evidence only: prior 7-day average transaction amount 106.87; prior 7-day maximum transaction amount 214.82; prior 7-day total transaction amount 2351.07; prior 14-day transaction count 54; prior 14-day fraud rate 0.037037; recent 7-day transaction-count change versus the preceding 7 days -10.
"fraud_Goldner, Kovacek and Abbott",2020-05-04,0.8165971707777495,1,127.94666666666669,334.48,4222.240000000001,64.0,0.0625,2.0,Historical evidence only: prior 7-day average transaction amount 127.95; prior 7-day maximum transaction amount 334.48; prior 7-day total transaction amount 4222.24; prior 14-day transaction count 64; prior 14-day fraud rate 0.062500; recent 7-day transaction-count change versus the preceding 7 days 2.
"fraud_Schultz, Simonis and Little",2020-06-13,0.8165837032469171,1,115.87378378378378,207.4,4287.33,79.0,0.012658227848101266,-5.0,Historical evidence only: prior 7-day average transaction amount 115.87; prior 7-day maximum transaction amount 207.40; prior 7-day total transaction amount 4287.33; prior 14-day transaction count 79; prior 14-day fraud rate 0.012658; recent 7-day transaction-count change versus the preceding 7 days -5.
fraud_Vandervort-Funk,2020-05-28,0.81656875956332,1,143.859375,309.75,4603.5,56.0,0.017857142857142856,8.0,Historical evidence only: prior 7-day average transaction amount 143.86; prior 7-day maximum transaction amount 309.75; prior 7-day total transaction amount 4603.50; prior 14-day transaction count 56; prior 14-day fraud rate 0.017857; recent 7-day transaction-count change versus the preceding 7 days 8.
"fraud_Moen, Reinger and Murphy",2020-05-30,0.8165236874535207,1,113.21736842105261,221.29,4302.259999999999,70.0,0.0,6.0,Historical evidence only: prior 7-day average transaction amount 113.22; prior 7-day maximum transaction amount 221.29; prior 7-day total transaction amount 4302.26; prior 14-day transaction count 70; prior 14-day fraud rate 0.000000; recent 7-day transaction-count change versus the preceding 7 days 6.
fraud_Pacocha-O'Reilly,2020-05-08,0.8164756844616327,1,125.25969696969696,224.2,4133.57,65.0,0.0,1.0,Historical evidence only: prior 7-day average transaction amount 125.26; prior 7-day maximum transaction amount 224.20; prior 7-day total transaction amount 4133.57; prior 14-day transaction count 65; prior 14-day fraud rate 0.000000; recent 7-day transaction-count change versus the preceding 7 days 1.
fraud_Bauch-Raynor,2020-06-01,0.8164597508446756,1,114.31842105263159,237.81,4344.1,73.0,0.0,3.0,Historical evidence only: prior 7-day average transaction amount 114.32; prior 7-day maximum transaction amount 237.81; prior 7-day total transaction amount 4344.10; prior 14-day transaction count 73; prior 14-day fraud rate 0.000000; recent 7-day transaction-count change versus the preceding 7 days 3.
fraud_Padberg-Welch,2020-05-01,0.8164478929884462,1,116.54967741935484,208.33,3613.04,58.0,0.0,4.0,Historical evidence only: prior 7-day average transaction amount 116.55; prior 7-day maximum transaction amount 208.33; prior 7-day total transaction amount 3613.04; prior 14-day transaction count 58; prior 14-day fraud rate 0.000000; recent 7-day transaction-count change versus the preceding 7 days 4.
fraud_DuBuque LLC,2020-05-02,0.8164478929884462,1,118.02903225806452,227.97,3658.9,61.0,0.0,1.0,Historical evidence only: prior 7-day average transaction amount 118.03; prior 7-day maximum transaction amount 227.97; prior 7-day total transaction amount 3658.90; prior 14-day transaction count 61; prior 14-day fraud rate 0.000000; recent 7-day transaction-count change versus the preceding 7 days 1.
fraud_McDermott-Weimann,2020-05-03,0.8164478929884462,1,122.24133333333334,236.63,3667.2400000000002,59.0,0.0,1.0,Historical evidence only: prior 7-day average transaction amount 122.24; prior 7-day maximum transaction amount 236.63; prior 7-day total transaction amount 3667.24; prior 14-day transaction count 59; prior 14-day fraud rate 0.000000; recent 7-day transaction-count change versus the preceding 7 days 1.
"fraud_Mosciski, Gislason and Mertz",2020-06-02,0.8164478929884462,1,117.69709677419354,208.85,3648.6099999999997,63.0,0.0,-1.0,Historical evidence only: prior 7-day average transaction amount 117.70; prior 7-day maximum transaction amount 208.85; prior 7-day total transaction amount 3648.61; prior 14-day transaction count 63; prior 14-day fraud rate 0.000000; recent 7-day transaction-count change versus the preceding 7 days -1.
fraud_Bailey-Morar,2020-06-13,0.8164478929884462,1,125.46103448275862,226.48,3638.37,61.0,0.0,-3.0,Historical evidence only: prior 7-day average transaction amount 125.46; prior 7-day maximum transaction amount 226.48; prior 7-day total transaction amount 3638.37; prior 14-day transaction count 61; prior 14-day fraud rate 0.000000; recent 7-day transaction-count change versus the preceding 7 days -3.
"fraud_Mosciski, Gislason and Mertz",2020-05-10,0.8164318738435662,1,117.2703846153846,214.2,3049.0299999999997,57.0,0.017543859649122806,-5.0,Historical evidence only: prior 7-day average transaction amount 117.27; prior 7-day maximum transaction amount 214.20; prior 7-day total transaction amount 3049.03; prior 14-day transaction count 57; prior 14-day fraud rate 0.017544; recent 7-day transaction-count change versus the preceding 7 days -5.
fraud_O'Keefe-Hudson,2020-05-09,0.8164045693042058,1,121.86782608695654,329.56,2802.9600000000005,51.0,0.0196078431372549,-5.0,Historical evidence only: prior 7-day average transaction amount 121.87; prior 7-day maximum transaction amount 329.56; prior 7-day total transaction amount 2802.96; prior 14-day transaction count 51; prior 14-day fraud rate 0.019608; recent 7-day transaction-count change versus the preceding 7 days -5.
fraud_Pacocha-O'Reilly,2020-06-06,0.8163762174684904,1,110.16926829268294,234.09,4516.9400000000005,72.0,0.0,10.0,Historical evidence only: prior 7-day average transaction amount 110.17; prior 7-day maximum transaction amount 234.09; prior 7-day total transaction amount 4516.94; prior 14-day transaction count 72; prior 14-day fraud rate 0.000000; recent 7-day transaction-count change versus the preceding 7 days 10.
fraud_Kutch and Sons,2020-05-07,0.8163538009816823,1,105.90499999999999,229.7,4659.82,81.0,0.0,7.0,Historical evidence only: prior 7-day average transaction amount 105.90; prior 7-day maximum transaction amount 229.70; prior 7-day total transaction amount 4659.82; prior 14-day transaction count 81; prior 14-day fraud rate 0.000000; recent 7-day transaction-count change versus the preceding 7 days 7.
fraud_Auer-Mosciski,2020-06-09,0.8163228172544421,1,120.99069767441861,238.6,5202.6,84.0,0.0,2.0,Historical evidence only: prior 7-day average transaction amount 120.99; prior 7-day maximum transaction amount 238.60; prior 7-day total transaction amount 5202.60; prior 14-day transaction count 84; prior 14-day fraud rate 0.000000; recent 7-day transaction-count change versus the preceding 7 days 2.
"fraud_Casper, Hand and Zulauf",2020-05-14,0.8163199504328452,1,127.53724137931034,213.72,3698.58,57.0,0.017543859649122806,1.0,Historical evidence only: prior 7-day average transaction amount 127.54; prior 7-day maximum transaction amount 213.72; prior 7-day total transaction amount 3698.58; prior 14-day transaction count 57; prior 14-day fraud rate 0.017544; recent 7-day transaction-count change versus the preceding 7 days 1.
"fraud_Kovacek, Dibbert and Ondricka",2020-06-06,0.8163199504328452,1,114.28060606060605,218.82,3771.2599999999998,63.0,0.015873015873015872,3.0,Historical evidence only: prior 7-day average transaction amount 114.28; prior 7-day maximum transaction amount 218.82; prior 7-day total transaction amount 3771.26; prior 14-day transaction count 63; prior 14-day fraud rate 0.015873; recent 7-day transaction-count change versus the preceding 7 days 3.
fraud_Koepp-Witting,2020-05-09,0.8163156459217573,1,100.15291666666666,175.27,2403.6699999999996,59.0,0.0,-11.0,Historical evidence only: prior 7-day average transaction amount 100.15; prior 7-day maximum transaction amount 175.27; prior 7-day total transaction amount 2403.67; prior 14-day transaction count 59; prior 14-day fraud rate 0.000000; recent 7-day transaction-count change versus the preceding 7 days -11.
fraud_Auer-Mosciski,2020-05-05,0.8163115746047954,1,131.75458333333333,325.31,3162.1099999999997,57.0,0.017543859649122806,-9.0,Historical evidence only: prior 7-day average transaction amount 131.75; prior 7-day maximum transaction amount 325.31; prior 7-day total transaction amount 3162.11; prior 14-day transaction count 57; prior 14-day fraud rate 0.017544; recent 7-day transaction-count change versus the preceding 7 days -9.
fraud_Terry-Huel,2020-05-03,0.8163115243368202,1,366.5621052631579,2976.41,6964.68,42.0,0.047619047619047616,-4.0,Historical evidence only: prior 7-day average transaction amount 366.56; prior 7-day maximum transaction amount 2976.41; prior 7-day total transaction amount 6964.68; prior 14-day transaction count 42; prior 14-day fraud rate 0.047619; recent 7-day transaction-count change versus the preceding 7 days -4.
fraud_Wolf Inc,2020-05-22,0.8163019662406923,1,108.0417857142857,306.33,3025.1699999999996,61.0,0.03278688524590164,-5.0,Historical evidence only: prior 7-day average transaction amount 108.04; prior 7-day maximum transaction amount 306.33; prior 7-day total transaction amount 3025.17; prior 14-day transaction count 61; prior 14-day fraud rate 0.032787; recent 7-day transaction-count change versus the preceding 7 days -5.
"fraud_Langworth, Boehm and Gulgowski",2020-05-09,0.8162862020572919,1,136.58129032258066,939.52,4234.02,56.0,0.05357142857142857,6.0,Historical evidence only: prior 7-day average transaction amount 136.58; prior 7-day maximum transaction amount 939.52; prior 7-day total transaction amount 4234.02; prior 14-day transaction count 56; prior 14-day fraud rate 0.053571; recent 7-day transaction-count change versus the preceding 7 days 6.
fraud_Cole PLC,2020-05-09,0.8162432036930153,1,115.79314285714285,219.7,4052.7599999999998,69.0,0.0,1.0,Historical evidence only: prior 7-day average transaction amount 115.79; prior 7-day maximum transaction amount 219.70; prior 7-day total transaction amount 4052.76; prior 14-day transaction count 69; prior 14-day fraud rate 0.000000; recent 7-day transaction-count change versus the preceding 7 days 1.
fraud_Bauch-Raynor,2020-05-22,0.8162337685900993,1,98.23970588235295,219.34,3340.15,61.0,0.0,7.0,Historical evidence only: prior 7-day average transaction amount 98.24; prior 7-day maximum transaction amount 219.34; prior 7-day total transaction amount 3340.15; prior 14-day transaction count 61; prior 14-day fraud rate 0.000000; recent 7-day transaction-count change versus the preceding 7 days 7.
fraud_Pacocha-Bauch,2020-05-01,0.8162214120209166,1,353.65363636363634,6853.9,11670.57,65.0,0.015384615384615385,1.0,Historical evidence only: prior 7-day average transaction amount 353.65; prior 7-day maximum transaction amount 6853.90; prior 7-day total transaction amount 11670.57; prior 14-day transaction count 65; prior 14-day fraud rate 0.015385; recent 7-day transaction-count change versus the preceding 7 days 1.
fraud_Wolf Inc,2020-06-04,0.8162166738864108,1,110.21848484848485,314.21,3637.21,66.0,0.045454545454545456,0.0,Historical evidence only: prior 7-day average transaction amount 110.22; prior 7-day maximum transaction amount 314.21; prior 7-day total transaction amount 3637.21; prior 14-day transaction count 66; prior 14-day fraud rate 0.045455; recent 7-day transaction-count change versus the preceding 7 days 0.
fraud_Bauch-Raynor,2020-05-24,0.8161786855539932,1,100.52600000000001,194.88,3015.78,64.0,0.0,-4.0,Historical evidence only: prior 7-day average transaction amount 100.53; prior 7-day maximum transaction amount 194.88; prior 7-day total transaction amount 3015.78; prior 14-day transaction count 64; prior 14-day fraud rate 0.000000; recent 7-day transaction-count change versus the preceding 7 days -4.
"fraud_Lockman, West and Runte",2020-06-08,0.8161441408007305,1,112.85583333333334,214.56,4062.81,75.0,0.02666666666666667,-3.0,Historical evidence only: prior 7-day average transaction amount 112.86; prior 7-day maximum transaction amount 214.56; prior 7-day total transaction amount 4062.81; prior 14-day transaction count 75; prior 14-day fraud rate 0.026667; recent 7-day transaction-count change versus the preceding 7 days -3.
fraud_Deckow-O'Conner,2020-06-04,0.8160955590433555,1,117.7228205128205,227.6,4591.19,77.0,0.0,1.0,Historical evidence only: prior 7-day average transaction amount 117.72; prior 7-day maximum transaction amount 227.60; prior 7-day total transaction amount 4591.19; prior 14-day transaction count 77; prior 14-day fraud rate 0.000000; recent 7-day transaction-count change versus the preceding 7 days 1.
fraud_Hackett-Lueilwitz,2020-06-11,0.8160955590433555,1,117.48763157894736,213.01,4464.53,76.0,0.0,0.0,Historical evidence only: prior 7-day average transaction amount 117.49; prior 7-day maximum transaction amount 213.01; prior 7-day total transaction amount 4464.53; prior 14-day transaction count 76; prior 14-day fraud rate 0.000000; recent 7-day transaction-count change versus the preceding 7 days 0.
"fraud_Casper, Hand and Zulauf",2020-06-13,0.8160920688342307,1,119.14069767441859,216.88,5123.049999999999,85.0,0.0,1.0,Historical evidence only: prior 7-day average transaction amount 119.14; prior 7-day maximum transaction amount 216.88; prior 7-day total transaction amount 5123.05; prior 14-day transaction count 85; prior 14-day fraud rate 0.000000; recent 7-day transaction-count change versus the preceding 7 days 1.
"fraud_Casper, Hand and Zulauf",2020-06-14,0.8160920688342307,1,118.28488888888889,216.88,5322.82,86.0,0.0,4.0,Historical evidence only: prior 7-day average transaction amount 118.28; prior 7-day maximum transaction amount 216.88; prior 7-day total transaction amount 5322.82; prior 14-day transaction count 86; prior 14-day fraud rate 0.000000; recent 7-day transaction-count change versus the preceding 7 days 4.
fraud_Murray-Smitham,2020-06-10,0.8160413901879406,1,110.794375,326.58,3545.42,75.0,0.013333333333333334,-11.0,Historical evidence only: prior 7-day average transaction amount 110.79; prior 7-day maximum transaction amount 326.58; prior 7-day total transaction amount 3545.42; prior 14-day transaction count 75; prior 14-day fraud rate 0.013333; recent 7-day transaction-count change versus the preceding 7 days -11.
fraud_McDermott-Weimann,2020-05-21,0.8160156760476699,1,118.9211111111111,226.75,3210.87,52.0,0.0,2.0,Historical evidence only: prior 7-day average transaction amount 118.92; prior 7-day maximum transaction amount 226.75; prior 7-day total transaction amount 3210.87; prior 14-day transaction count 52; prior 14-day fraud rate 0.000000; recent 7-day transaction-count change versus the preceding 7 days 2.
"fraud_Schoen, Kuphal and Nitzsche",2020-05-21,0.815988322681236,1,133.2222580645161,302.71,4129.889999999999,51.0,0.0196078431372549,11.0,Historical evidence only: prior 7-day average transaction amount 133.22; prior 7-day maximum transaction amount 302.71; prior 7-day total transaction amount 4129.89; prior 14-day transaction count 51; prior 14-day fraud rate 0.019608; recent 7-day transaction-count change versus the preceding 7 days 11.
fraud_Stracke-Lemke,2020-05-16,0.8159779324797047,1,105.7628125,214.69,3384.41,58.0,0.0,6.0,Historical evidence only: prior 7-day average transaction amount 105.76; prior 7-day maximum transaction amount 214.69; prior 7-day total transaction amount 3384.41; prior 14-day transaction count 58; prior 14-day fraud rate 0.000000; recent 7-day transaction-count change versus the preceding 7 days 6.
fraud_Kuhic Inc,2020-05-22,0.8159779324797047,1,106.92818181818183,213.57,3528.63,57.0,0.0,9.0,Historical evidence only: prior 7-day average transaction amount 106.93; prior 7-day maximum transaction amount 213.57; prior 7-day total transaction amount 3528.63; prior 14-day transaction count 57; prior 14-day fraud rate 0.000000; recent 7-day transaction-count change versus the preceding 7 days 9.
fraud_Kuhic Inc,2020-06-01,0.8159779324797047,1,107.63941176470587,234.91,3659.74,62.0,0.0,6.0,Historical evidence only: prior 7-day average transaction amount 107.64; prior 7-day maximum transaction amount 234.91; prior 7-day total transaction amount 3659.74; prior 14-day transaction count 62; prior 14-day fraud rate 0.000000; recent 7-day transaction-count change versus the preceding 7 days 6.
fraud_Kuhic Inc,2020-05-09,0.8159593448260843,1,97.17615384615384,183.92,2526.58,59.0,0.01694915254237288,-7.0,Historical evidence only: prior 7-day average transaction amount 97.18; prior 7-day maximum transaction amount 183.92; prior 7-day total transaction amount 2526.58; prior 14-day transaction count 59; prior 14-day fraud rate 0.016949; recent 7-day transaction-count change versus the preceding 7 days -7.
"fraud_Casper, Hand and Zulauf",2020-06-03,0.8159519264634066,1,115.91756756756756,295.42,4288.95,68.0,0.029411764705882353,6.0,Historical evidence only: prior 7-day average transaction amount 115.92; prior 7-day maximum transaction amount 295.42; prior 7-day total transaction amount 4288.95; prior 14-day transaction count 68; prior 14-day fraud rate 0.029412; recent 7-day transaction-count change versus the preceding 7 days 6.
"fraud_Schultz, Simonis and Little",2020-05-09,0.815948963250099,1,119.31354838709676,228.85,3698.7199999999993,72.0,0.0,-10.0,Historical evidence only: prior 7-day average transaction amount 119.31; prior 7-day maximum transaction amount 228.85; prior 7-day total transaction amount 3698.72; prior 14-day transaction count 72; prior 14-day fraud rate 0.000000; recent 7-day transaction-count change versus the preceding 7 days -10.
fraud_O'Keefe-Hudson,2020-06-14,0.815948963250099,1,117.44419354838712,219.33,3640.770000000001,71.0,0.0,-9.0,Historical evidence only: prior 7-day average transaction amount 117.44; prior 7-day maximum transaction amount 219.33; prior 7-day total transaction amount 3640.77; prior 14-day transaction count 71; prior 14-day fraud rate 0.000000; recent 7-day transaction-count change versus the preceding 7 days -9.
fraud_Vandervort-Funk,2020-05-15,0.8159438170255753,1,129.49818181818182,287.55,4273.4400000000005,53.0,0.018867924528301886,13.0,Historical evidence only: prior 7-day average transaction amount 129.50; prior 7-day maximum transaction amount 287.55; prior 7-day total transaction amount 4273.44; prior 14-day transaction count 53; prior 14-day fraud rate 0.018868; recent 7-day transaction-count change versus the preceding 7 days 13.
"fraud_Schoen, Kuphal and Nitzsche",2020-06-12,0.8159379273352159,1,106.18933333333332,200.43,3185.68,63.0,0.015873015873015872,-3.0,Historical evidence only: prior 7-day average transaction amount 106.19; prior 7-day maximum transaction amount 200.43; prior 7-day total transaction amount 3185.68; prior 14-day transaction count 63; prior 14-day fraud rate 0.015873; recent 7-day transaction-count change versus the preceding 7 days -3.
fraud_Rutherford-Mertz,2020-06-14,0.8159138485663145,1,108.9258064516129,239.35,3376.7,63.0,0.0,-1.0,Historical evidence only: prior 7-day average transaction amount 108.93; prior 7-day maximum transaction amount 239.35; prior 7-day total transaction amount 3376.70; prior 14-day transaction count 63; prior 14-day fraud rate 0.000000; recent 7-day transaction-count change versus the preceding 7 days -1.
fraud_Murray-Smitham,2020-05-10,0.8158723797723278,1,122.47032258064516,220.71,3796.58,66.0,0.0,-4.0,Historical evidence only: prior 7-day average transaction amount 122.47; prior 7-day maximum transaction amount 220.71; prior 7-day total transaction amount 3796.58; prior 14-day transaction count 66; prior 14-day fraud rate 0.000000; recent 7-day transaction-count change versus the preceding 7 days -4.
fraud_DuBuque LLC,2020-05-11,0.8158515459028597,1,117.72666666666666,293.48,4238.16,73.0,0.0136986301369863,-1.0,Historical evidence only: prior 7-day average transaction amount 117.73; prior 7-day maximum transaction amount 293.48; prior 7-day total transaction amount 4238.16; prior 14-day transaction count 73; prior 14-day fraud rate 0.013699; recent 7-day transaction-count change versus the preceding 7 days -1.
fraud_Vandervort-Funk,2020-05-26,0.8158405194448574,1,135.36117647058822,309.75,4602.28,55.0,0.01818181818181818,13.0,Historical evidence only: prior 7-day average transaction amount 135.36; prior 7-day maximum transaction amount 309.75; prior 7-day total transaction amount 4602.28; prior 14-day transaction count 55; prior 14-day fraud rate 0.018182; recent 7-day transaction-count change versus the preceding 7 days 13.
fraud_Vandervort-Funk,2020-05-27,0.8158405194448574,1,138.56823529411764,309.75,4711.32,55.0,0.01818181818181818,13.0,Historical evidence only: prior 7-day average transaction amount 138.57; prior 7-day maximum transaction amount 309.75; prior 7-day total transaction amount 4711.32; prior 14-day transaction count 55; prior 14-day fraud rate 0.018182; recent 7-day transaction-count change versus the preceding 7 days 13.
fraud_Schamberger-O'Keefe,2020-06-03,0.8158174118610884,1,118.42903225806452,220.0,3671.3,59.0,0.0,3.0,Historical evidence only: prior 7-day average transaction amount 118.43; prior 7-day maximum transaction amount 220.00; prior 7-day total transaction amount 3671.30; prior 14-day transaction count 59; prior 14-day fraud rate 0.000000; recent 7-day transaction-count change versus the preceding 7 days 3.
"fraud_Huel, Hammes and Witting",2020-05-24,0.8158138937425182,1,116.98647058823529,211.87,3977.54,54.0,0.0,14.0,Historical evidence only: prior 7-day average transaction amount 116.99; prior 7-day maximum transaction amount 211.87; prior 7-day total transaction amount 3977.54; prior 14-day transaction count 54; prior 14-day fraud rate 0.000000; recent 7-day transaction-count change versus the preceding 7 days 14.
fraud_Miller-Hauck,2020-05-25,0.8157775498009594,1,127.54407407407408,321.37,3443.69,53.0,0.03773584905660377,1.0,Historical evidence only: prior 7-day average transaction amount 127.54; prior 7-day maximum transaction amount 321.37; prior 7-day total transaction amount 3443.69; prior 14-day transaction count 53; prior 14-day fraud rate 0.037736; recent 7-day transaction-count change versus the preceding 7 days 1.
fraud_Schamberger-O'Keefe,2020-06-10,0.8157728373605964,1,107.80358974358975,232.61,4204.34,70.0,0.0,8.0,Historical evidence only: prior 7-day average transaction amount 107.80; prior 7-day maximum transaction amount 232.61; prior 7-day total transaction amount 4204.34; prior 14-day transaction count 70; prior 14-day fraud rate 0.000000; recent 7-day transaction-count change versus the preceding 7 days 8.
fraud_Schamberger-O'Keefe,2020-06-11,0.8157728373605964,1,104.63102564102563,232.61,4080.6099999999997,70.0,0.0,8.0,Historical evidence only: prior 7-day average transaction amount 104.63; prior 7-day maximum transaction amount 232.61; prior 7-day total transaction amount 4080.61; prior 14-day transaction count 70; prior 14-day fraud rate 0.000000; recent 7-day transaction-count change versus the preceding 7 days 8.
fraud_Cole PLC,2020-05-07,0.8157471582047524,1,120.1590909090909,219.7,3965.25,65.0,0.0,1.0,Historical evidence only: prior 7-day average transaction amount 120.16; prior 7-day maximum transaction amount 219.70; prior 7-day total transaction amount 3965.25; prior 14-day transaction count 65; prior 14-day fraud rate 0.000000; recent 7-day transaction-count change versus the preceding 7 days 1.
fraud_Cole PLC,2020-05-08,0.8157471582047524,1,121.06176470588237,219.7,4116.1,66.0,0.0,2.0,Historical evidence only: prior 7-day average transaction amount 121.06; prior 7-day maximum transaction amount 219.70; prior 7-day total transaction amount 4116.10; prior 14-day transaction count 66; prior 14-day fraud rate 0.000000; recent 7-day transaction-count change versus the preceding 7 days 2.
fraud_Kutch and Sons,2020-06-11,0.8157208372502698,1,104.36574999999998,211.25,4174.629999999999,79.0,0.012658227848101266,1.0,Historical evidence only: prior 7-day average transaction amount 104.37; prior 7-day maximum transaction amount 211.25; prior 7-day total transaction amount 4174.63; prior 14-day transaction count 79; prior 14-day fraud rate 0.012658; recent 7-day transaction-count change versus the preceding 7 days 1.
fraud_Cartwright-Harris,2020-06-12,0.81570869815579,1,107.93026315789474,238.65,4101.35,75.0,0.0,1.0,Historical evidence only: prior 7-day average transaction amount 107.93; prior 7-day maximum transaction amount 238.65; prior 7-day total transaction amount 4101.35; prior 14-day transaction count 75; prior 14-day fraud rate 0.000000; recent 7-day transaction-count change versus the preceding 7 days 1.
"fraud_Goldner, Kovacek and Abbott",2020-05-05,0.8156560876693554,1,128.91212121212124,334.48,4254.1,62.0,0.04838709677419355,4.0,Historical evidence only: prior 7-day average transaction amount 128.91; prior 7-day maximum transaction amount 334.48; prior 7-day total transaction amount 4254.10; prior 14-day transaction count 62; prior 14-day fraud rate 0.048387; recent 7-day transaction-count change versus the preceding 7 days 4.
"fraud_Kovacek, Dibbert and Ondricka",2020-05-21,0.8156544837769518,1,117.72965517241379,209.19,3414.16,63.0,0.0,-5.0,Historical evidence only: prior 7-day average transaction amount 117.73; prior 7-day maximum transaction amount 209.19; prior 7-day total transaction amount 3414.16; prior 14-day transaction count 63; prior 14-day fraud rate 0.000000; recent 7-day transaction-count change versus the preceding 7 days -5.
fraud_Bogisich Inc,2020-06-13,0.8156466201505299,1,99.75625,214.82,3192.2,76.0,0.0,-12.0,Historical evidence only: prior 7-day average transaction amount 99.76; prior 7-day maximum transaction amount 214.82; prior 7-day total transaction amount 3192.20; prior 14-day transaction count 76; prior 14-day fraud rate 0.000000; recent 7-day transaction-count change versus the preceding 7 days -12.
fraud_Lockman Ltd,2020-06-03,0.8156295144745671,1,107.3630303030303,241.42,3542.98,68.0,0.014705882352941176,-2.0,Historical evidence only: prior 7-day average transaction amount 107.36; prior 7-day maximum transaction amount 241.42; prior 7-day total transaction amount 3542.98; prior 14-day transaction count 68; prior 14-day fraud rate 0.014706; recent 7-day transaction-count change versus the preceding 7 days -2.
fraud_Heidenreich PLC,2020-06-02,0.8156249001492936,1,109.51500000000001,217.97,4380.6,72.0,0.0,8.0,Historical evidence only: prior 7-day average transaction amount 109.52; prior 7-day maximum transaction amount 217.97; prior 7-day total transaction amount 4380.60; prior 14-day transaction count 72; prior 14-day fraud rate 0.000000; recent 7-day transaction-count change versus the preceding 7 days 8.
fraud_Strosin-Cruickshank,2020-06-03,0.8156249001492936,1,113.85333333333334,215.84,4781.84,72.0,0.0,12.0,Historical evidence only: prior 7-day average transaction amount 113.85; prior 7-day maximum transaction amount 215.84; prior 7-day total transaction amount 4781.84; prior 14-day transaction count 72; prior 14-day fraud rate 0.000000; recent 7-day transaction-count change versus the preceding 7 days 12.
fraud_Schamberger-O'Keefe,2020-06-06,0.8156249001492936,1,113.44666666666667,232.61,4424.42,71.0,0.0,7.0,Historical evidence only: prior 7-day average transaction amount 113.45; prior 7-day maximum transaction amount 232.61; prior 7-day total transaction amount 4424.42; prior 14-day transaction count 71; prior 14-day fraud rate 0.000000; recent 7-day transaction-count change versus the preceding 7 days 7.
fraud_Pacocha-O'Reilly,2020-06-07,0.8156249001492936,1,111.5851219512195,234.09,4574.99,74.0,0.0,8.0,Historical evidence only: prior 7-day average transaction amount 111.59; prior 7-day maximum transaction amount 234.09; prior 7-day total transaction amount 4574.99; prior 14-day transaction count 74; prior 14-day fraud rate 0.000000; recent 7-day transaction-count change versus the preceding 7 days 8.
fraud_Schamberger-O'Keefe,2020-06-07,0.8156249001492936,1,112.48025,232.61,4499.21,75.0,0.0,5.0,Historical evidence only: prior 7-day average transaction amount 112.48; prior 7-day maximum transaction amount 232.61; prior 7-day total transaction amount 4499.21; prior 14-day transaction count 75; prior 14-day fraud rate 0.000000; recent 7-day transaction-count change versus the preceding 7 days 5.
fraud_Murray-Smitham,2020-06-13,0.8156205890297797,1,98.3225,201.61,3932.9,79.0,0.012658227848101266,1.0,Historical evidence only: prior 7-day average transaction amount 98.32; prior 7-day maximum transaction amount 201.61; prior 7-day total transaction amount 3932.90; prior 14-day transaction count 79; prior 14-day fraud rate 0.012658; recent 7-day transaction-count change versus the preceding 7 days 1.
fraud_Vandervort-Funk,2020-05-31,0.8155821173796209,1,121.8081081081081,223.08,4506.9,64.0,0.015625,10.0,Historical evidence only: prior 7-day average transaction amount 121.81; prior 7-day maximum transaction amount 223.08; prior 7-day total transaction amount 4506.90; prior 14-day transaction count 64; prior 14-day fraud rate 0.015625; recent 7-day transaction-count change versus the preceding 7 days 10.
fraud_Koepp-Witting,2020-06-14,0.8155728677223403,1,117.06717948717946,219.07,4565.619999999999,81.0,0.012345679012345678,-3.0,Historical evidence only: prior 7-day average transaction amount 117.07; prior 7-day maximum transaction amount 219.07; prior 7-day total transaction amount 4565.62; prior 14-day transaction count 81; prior 14-day fraud rate 0.012346; recent 7-day transaction-count change versus the preceding 7 days -3.
fraud_Goodwin-Nitzsche,2020-06-09,0.8155693698351771,1,114.27234042553192,219.41,5370.8,90.0,0.011111111111111112,4.0,Historical evidence only: prior 7-day average transaction amount 114.27; prior 7-day maximum transaction amount 219.41; prior 7-day total transaction amount 5370.80; prior 14-day transaction count 90; prior 14-day fraud rate 0.011111; recent 7-day transaction-count change versus the preceding 7 days 4.
fraud_Koepp-Parker,2020-05-03,0.815548381016039,1,110.18310344827586,218.99,3195.31,57.0,0.0,1.0,Historical evidence only: prior 7-day average transaction amount 110.18; prior 7-day maximum transaction amount 218.99; prior 7-day total transaction amount 3195.31; prior 14-day transaction count 57; prior 14-day fraud rate 0.000000; recent 7-day transaction-count change versus the preceding 7 days 1.
fraud_Miller-Hauck,2020-05-21,0.815548381016039,1,109.31655172413792,222.26,3170.18,58.0,0.0,0.0,Historical evidence only: prior 7-day average transaction amount 109.32; prior 7-day maximum transaction amount 222.26; prior 7-day total transaction amount 3170.18; prior 14-day transaction count 58; prior 14-day fraud rate 0.000000; recent 7-day transaction-count change versus the preceding 7 days 0.
fraud_Bailey-Morar,2020-05-25,0.8155375600158631,1,119.17965517241379,306.59,3456.21,54.0,0.037037037037037035,4.0,Historical evidence only: prior 7-day average transaction amount 119.18; prior 7-day maximum transaction amount 306.59; prior 7-day total transaction amount 3456.21; prior 14-day transaction count 54; prior 14-day fraud rate 0.037037; recent 7-day transaction-count change versus the preceding 7 days 4.
fraud_Stracke-Lemke,2020-06-07,0.8155173776723095,1,114.89487179487179,235.68,4480.9,72.0,0.013888888888888888,6.0,Historical evidence only: prior 7-day average transaction amount 114.89; prior 7-day maximum transaction amount 235.68; prior 7-day total transaction amount 4480.90; prior 14-day transaction count 72; prior 14-day fraud rate 0.013889; recent 7-day transaction-count change versus the preceding 7 days 6.
fraud_Rutherford-Mertz,2020-05-03,0.8155139630955299,1,116.33764705882355,227.7,3955.4800000000005,69.0,0.0,-1.0,Historical evidence only: prior 7-day average transaction amount 116.34; prior 7-day maximum transaction amount 227.70; prior 7-day total transaction amount 3955.48; prior 14-day transaction count 69; prior 14-day fraud rate 0.000000; recent 7-day transaction-count change versus the preceding 7 days -1.
fraud_Hackett-Lueilwitz,2020-06-10,0.8155139630955299,1,117.67999999999999,213.01,4236.48,73.0,0.0,-1.0,Historical evidence only: prior 7-day average transaction amount 117.68; prior 7-day maximum transaction amount 213.01; prior 7-day total transaction amount 4236.48; prior 14-day transaction count 73; prior 14-day fraud rate 0.000000; recent 7-day transaction-count change versus the preceding 7 days -1.
fraud_Kunze Inc,2020-06-05,0.8154822286392067,1,99.99249999999999,238.37,3199.7599999999998,68.0,0.0,-4.0,Historical evidence only: prior 7-day average transaction amount 99.99; prior 7-day maximum transaction amount 238.37; prior 7-day total transaction amount 3199.76; prior 14-day transaction count 68; prior 14-day fraud rate 0.000000; recent 7-day transaction-count change versus the preceding 7 days -4.
"fraud_Mosciski, Gislason and Mertz",2020-06-11,0.8154717458522183,1,118.33892857142857,320.81,3313.49,64.0,0.03125,-8.0,Historical evidence only: prior 7-day average transaction amount 118.34; prior 7-day maximum transaction amount 320.81; prior 7-day total transaction amount 3313.49; prior 14-day transaction count 64; prior 14-day fraud rate 0.031250; recent 7-day transaction-count change versus the preceding 7 days -8.
"fraud_Rowe, Batz and Goodwin",2020-05-05,0.8154540580001066,1,105.64173913043479,225.98,2429.76,49.0,0.0,-3.0,Historical evidence only: prior 7-day average transaction amount 105.64; prior 7-day maximum transaction amount 225.98; prior 7-day total transaction amount 2429.76; prior 14-day transaction count 49; prior 14-day fraud rate 0.000000; recent 7-day transaction-count change versus the preceding 7 days -3.
"fraud_Casper, Hand and Zulauf",2020-05-19,0.8154540580001066,1,114.2792,229.8,2856.98,46.0,0.0,4.0,Historical evidence only: prior 7-day average transaction amount 114.28; prior 7-day maximum transaction amount 229.80; prior 7-day total transaction amount 2856.98; prior 14-day transaction count 46; prior 14-day fraud rate 0.000000; recent 7-day transaction-count change versus the preceding 7 days 4.
fraud_Schamberger-O'Keefe,2020-05-10,0.8154266332851544,1,110.1325806451613,320.09,3414.11,65.0,0.03076923076923077,-3.0,Historical evidence only: prior 7-day average transaction amount 110.13; prior 7-day maximum transaction amount 320.09; prior 7-day total transaction amount 3414.11; prior 14-day transaction count 65; prior 14-day fraud rate 0.030769; recent 7-day transaction-count change versus the preceding 7 days -3.
fraud_Kunze Inc,2020-06-06,0.8154137953852048,1,108.56516129032259,238.37,3365.5200000000004,69.0,0.0,-7.0,Historical evidence only: prior 7-day average transaction amount 108.57; prior 7-day maximum transaction amount 238.37; prior 7-day total transaction amount 3365.52; prior 14-day transaction count 69; prior 14-day fraud rate 0.000000; recent 7-day transaction-count change versus the preceding 7 days -7.
fraud_Kunze Inc,2020-06-07,0.8154137953852048,1,109.5215625,238.37,3504.69,70.0,0.0,-6.0,Historical evidence only: prior 7-day average transaction amount 109.52; prior 7-day maximum transaction amount 238.37; prior 7-day total transaction amount 3504.69; prior 14-day transaction count 70; prior 14-day fraud rate 0.000000; recent 7-day transaction-count change versus the preceding 7 days -6.
fraud_Lockman Ltd,2020-05-03,0.8153462021834211,1,113.24171428571428,236.59,3963.46,63.0,0.0,7.0,Historical evidence only: prior 7-day average transaction amount 113.24; prior 7-day maximum transaction amount 236.59; prior 7-day total transaction amount 3963.46; prior 14-day transaction count 63; prior 14-day fraud rate 0.000000; recent 7-day transaction-count change versus the preceding 7 days 7.
fraud_DuBuque LLC,2020-05-07,0.8153462021834211,1,107.85888888888888,222.24,3882.92,62.0,0.0,10.0,Historical evidence only: prior 7-day average transaction amount 107.86; prior 7-day maximum transaction amount 222.24; prior 7-day total transaction amount 3882.92; prior 14-day transaction count 62; prior 14-day fraud rate 0.000000; recent 7-day transaction-count change versus the preceding 7 days 10.
fraud_DuBuque LLC,2020-05-08,0.8153462021834211,1,109.87057142857142,222.24,3845.47,63.0,0.0,7.0,Historical evidence only: prior 7-day average transaction amount 109.87; prior 7-day maximum transaction amount 222.24; prior 7-day total transaction amount 3845.47; prior 14-day transaction count 63; prior 14-day fraud rate 0.000000; recent 7-day transaction-count change versus the preceding 7 days 7.
"fraud_Lockman, West and Runte",2020-05-11,0.8153462021834211,1,111.52314285714286,219.43,3903.31,59.0,0.0,11.0,Historical evidence only: prior 7-day average transaction amount 111.52; prior 7-day maximum transaction amount 219.43; prior 7-day total transaction amount 3903.31; prior 14-day transaction count 59; prior 14-day fraud rate 0.000000; recent 7-day transaction-count change versus the preceding 7 days 11.
fraud_Stracke-Lemke,2020-05-17,0.8153462021834211,1,107.04199999999999,214.69,3746.47,60.0,0.0,10.0,Historical evidence only: prior 7-day average transaction amount 107.04; prior 7-day maximum transaction amount 214.69; prior 7-day total transaction amount 3746.47; prior 14-day transaction count 60; prior 14-day fraud rate 0.000000; recent 7-day transaction-count change versus the preceding 7 days 10.
fraud_Padberg-Welch,2020-05-19,0.8153462021834211,1,111.075,213.47,4220.85,63.0,0.0,13.0,Historical evidence only: prior 7-day average transaction amount 111.08; prior 7-day maximum transaction amount 213.47; prior 7-day total transaction amount 4220.85; prior 14-day transaction count 63; prior 14-day fraud rate 0.000000; recent 7-day transaction-count change versus the preceding 7 days 13.
fraud_Koepp-Witting,2020-05-24,0.8153462021834211,1,113.22416666666665,230.55,4076.0699999999993,60.0,0.0,12.0,Historical evidence only: prior 7-day average transaction amount 113.22; prior 7-day maximum transaction amount 230.55; prior 7-day total transaction amount 4076.07; prior 14-day transaction count 60; prior 14-day fraud rate 0.000000; recent 7-day transaction-count change versus the preceding 7 days 12.
fraud_Koepp-Witting,2020-05-25,0.8153462021834211,1,113.90861111111111,230.55,4100.71,61.0,0.0,11.0,Historical evidence only: prior 7-day average transaction amount 113.91; prior 7-day maximum transaction amount 230.55; prior 7-day total transaction amount 4100.71; prior 14-day transaction count 61; prior 14-day fraud rate 0.000000; recent 7-day transaction-count change versus the preceding 7 days 11.
"fraud_Goldner, Kovacek and Abbott",2020-05-28,0.8153462021834211,1,114.91277777777776,232.66,4136.86,64.0,0.0,8.0,Historical evidence only: prior 7-day average transaction amount 114.91; prior 7-day maximum transaction amount 232.66; prior 7-day total transaction amount 4136.86; prior 14-day transaction count 64; prior 14-day fraud rate 0.000000; recent 7-day transaction-count change versus the preceding 7 days 8.
"fraud_Huel, Hammes and Witting",2020-05-28,0.8153462021834211,1,108.38105263157894,211.87,4118.48,64.0,0.0,12.0,Historical evidence only: prior 7-day average transaction amount 108.38; prior 7-day maximum transaction amount 211.87; prior 7-day total transaction amount 4118.48; prior 14-day transaction count 64; prior 14-day fraud rate 0.000000; recent 7-day transaction-count change versus the preceding 7 days 12.
"fraud_Goldner, Kovacek and Abbott",2020-05-29,0.8153462021834211,1,114.80054054054054,232.66,4247.62,63.0,0.0,11.0,Historical evidence only: prior 7-day average transaction amount 114.80; prior 7-day maximum transaction amount 232.66; prior 7-day total transaction amount 4247.62; prior 14-day transaction count 63; prior 14-day fraud rate 0.000000; recent 7-day transaction-count change versus the preceding 7 days 11.
"fraud_Goldner, Kovacek and Abbott",2020-05-30,0.8153462021834211,1,114.08114285714286,222.56,3992.84,59.0,0.0,11.0,Historical evidence only: prior 7-day average transaction amount 114.08; prior 7-day maximum transaction amount 222.56; prior 7-day total transaction amount 3992.84; prior 14-day transaction count 59; prior 14-day fraud rate 0.000000; recent 7-day transaction-count change versus the preceding 7 days 11.
fraud_Hudson-Ratke,2020-05-22,0.8153385123736554,1,121.1525,238.99,3392.27,55.0,0.0,1.0,Historical evidence only: prior 7-day average transaction amount 121.15; prior 7-day maximum transaction amount 238.99; prior 7-day total transaction amount 3392.27; prior 14-day transaction count 55; prior 14-day fraud rate 0.000000; recent 7-day transaction-count change versus the preceding 7 days 1.
fraud_Auer-West,2020-05-02,0.8152762328598954,1,87.87666666666667,954.23,2109.04,40.0,0.05,8.0,Historical evidence only: prior 7-day average transaction amount 87.88; prior 7-day maximum transaction amount 954.23; prior 7-day total transaction amount 2109.04; prior 14-day transaction count 40; prior 14-day fraud rate 0.050000; recent 7-day transaction-count change versus the preceding 7 days 8.
fraud_Cartwright-Harris,2020-05-13,0.8152188192996959,1,119.8755172413793,228.79,3476.39,69.0,0.0,-11.0,Historical evidence only: prior 7-day average transaction amount 119.88; prior 7-day maximum transaction amount 228.79; prior 7-day total transaction amount 3476.39; prior 14-day transaction count 69; prior 14-day fraud rate 0.000000; recent 7-day transaction-count change versus the preceding 7 days -11.
fraud_Strosin-Cruickshank,2020-05-11,0.8152140991077036,1,101.85781250000001,176.11,3259.4500000000003,60.0,0.0,4.0,Historical evidence only: prior 7-day average transaction amount 101.86; prior 7-day maximum transaction amount 176.11; prior 7-day total transaction amount 3259.45; prior 14-day transaction count 60; prior 14-day fraud rate 0.000000; recent 7-day transaction-count change versus the preceding 7 days 4.
fraud_Kuhic Inc,2020-06-04,0.8152082525583487,1,116.34193548387097,216.56,3606.6,58.0,0.0,4.0,Historical evidence only: prior 7-day average transaction amount 116.34; prior 7-day maximum transaction amount 216.56; prior 7-day total transaction amount 3606.60; prior 14-day transaction count 58; prior 14-day fraud rate 0.000000; recent 7-day transaction-count change versus the preceding 7 days 4.
"fraud_Schultz, Simonis and Little",2020-05-07,0.8151962935042993,1,115.74484848484849,219.91,3819.58,71.0,0.0,-5.0,Historical evidence only: prior 7-day average transaction amount 115.74; prior 7-day maximum transaction amount 219.91; prior 7-day total transaction amount 3819.58; prior 14-day transaction count 71; prior 14-day fraud rate 0.000000; recent 7-day transaction-count change versus the preceding 7 days -5.
fraud_O'Keefe-Hudson,2020-06-04,0.8151962935042993,1,121.0120588235294,229.52,4114.41,74.0,0.0,-6.0,Historical evidence only: prior 7-day average transaction amount 121.01; prior 7-day maximum transaction amount 229.52; prior 7-day total transaction amount 4114.41; prior 14-day transaction count 74; prior 14-day fraud rate 0.000000; recent 7-day transaction-count change versus the preceding 7 days -6.
"fraud_Lockman, West and Runte",2020-06-11,0.8151962935042993,1,116.94870967741936,226.56,3625.4100000000003,70.0,0.0,-8.0,Historical evidence only: prior 7-day average transaction amount 116.95; prior 7-day maximum transaction amount 226.56; prior 7-day total transaction amount 3625.41; prior 14-day transaction count 70; prior 14-day fraud rate 0.000000; recent 7-day transaction-count change versus the preceding 7 days -8.
fraud_Doyle Ltd,2020-05-26,0.815178709486293,1,121.4374074074074,208.47,3278.81,58.0,0.017241379310344827,-4.0,Historical evidence only: prior 7-day average transaction amount 121.44; prior 7-day maximum transaction amount 208.47; prior 7-day total transaction amount 3278.81; prior 14-day transaction count 58; prior 14-day fraud rate 0.017241; recent 7-day transaction-count change versus the preceding 7 days -4.
fraud_Vandervort-Funk,2020-05-08,0.815142950513032,1,110.19250000000002,233.78,2203.8500000000004,49.0,0.02040816326530612,-9.0,Historical evidence only: prior 7-day average transaction amount 110.19; prior 7-day maximum transaction amount 233.78; prior 7-day total transaction amount 2203.85; prior 14-day transaction count 49; prior 14-day fraud rate 0.020408; recent 7-day transaction-count change versus the preceding 7 days -9.
fraud_Pacocha-O'Reilly,2020-05-02,0.8150868643055499,1,118.71406250000001,215.46,3798.8500000000004,61.0,0.0,3.0,Historical evidence only: prior 7-day average transaction amount 118.71; prior 7-day maximum transaction amount 215.46; prior 7-day total transaction amount 3798.85; prior 14-day transaction count 61; prior 14-day fraud rate 0.000000; recent 7-day transaction-count change versus the preceding 7 days 3.
fraud_Kiehn-Emmerich,2020-05-06,0.8150868643055499,1,115.763125,211.27,3704.42,60.0,0.0,4.0,Historical evidence only: prior 7-day average transaction amount 115.76; prior 7-day maximum transaction amount 211.27; prior 7-day total transaction amount 3704.42; prior 14-day transaction count 60; prior 14-day fraud rate 0.000000; recent 7-day transaction-count change versus the preceding 7 days 4.
"fraud_Little, Gutmann and Lynch",2020-05-13,0.815078919185897,1,23.22851851851852,149.8,627.1700000000001,45.0,0.022222222222222223,9.0,Historical evidence only: prior 7-day average transaction amount 23.23; prior 7-day maximum transaction amount 149.80; prior 7-day total transaction amount 627.17; prior 14-day transaction count 45; prior 14-day fraud rate 0.022222; recent 7-day transaction-count change versus the preceding 7 days 9.
fraud_Kutch and Sons,2020-05-11,0.815078634057698,1,116.59674418604651,392.35,5013.66,82.0,0.024390243902439025,4.0,Historical evidence only: prior 7-day average transaction amount 116.60; prior 7-day maximum transaction amount 392.35; prior 7-day total transaction amount 5013.66; prior 14-day transaction count 82; prior 14-day fraud rate 0.024390; recent 7-day transaction-count change versus the preceding 7 days 4.
fraud_Murray-Smitham,2020-06-12,0.8150583977221265,1,96.57621621621622,201.61,3573.32,74.0,0.013513513513513514,0.0,Historical evidence only: prior 7-day average transaction amount 96.58; prior 7-day maximum transaction amount 201.61; prior 7-day total transaction amount 3573.32; prior 14-day transaction count 74; prior 14-day fraud rate 0.013514; recent 7-day transaction-count change versus the preceding 7 days 0.
fraud_Barton Inc,2020-05-05,0.8150531231066978,1,105.26827586206899,230.87,3052.7800000000007,60.0,0.016666666666666666,-2.0,Historical evidence only: prior 7-day average transaction amount 105.27; prior 7-day maximum transaction amount 230.87; prior 7-day total transaction amount 3052.78; prior 14-day transaction count 60; prior 14-day fraud rate 0.016667; recent 7-day transaction-count change versus the preceding 7 days -2.
fraud_Hackett-Lueilwitz,2020-05-12,0.8150531231066978,1,104.77866666666665,218.14,3143.3599999999997,58.0,0.017241379310344827,2.0,Historical evidence only: prior 7-day average transaction amount 104.78; prior 7-day maximum transaction amount 218.14; prior 7-day total transaction amount 3143.36; prior 14-day transaction count 58; prior 14-day fraud rate 0.017241; recent 7-day transaction-count change versus the preceding 7 days 2.
fraud_Lockman Ltd,2020-05-18,0.8150531231066978,1,109.014,216.81,3270.42,61.0,0.01639344262295082,-1.0,Historical evidence only: prior 7-day average transaction amount 109.01; prior 7-day maximum transaction amount 216.81; prior 7-day total transaction amount 3270.42; prior 14-day transaction count 61; prior 14-day fraud rate 0.016393; recent 7-day transaction-count change versus the preceding 7 days -1.
fraud_Murray-Smitham,2020-05-22,0.8150531231066978,1,105.10620689655173,219.81,3048.08,59.0,0.01694915254237288,-1.0,Historical evidence only: prior 7-day average transaction amount 105.11; prior 7-day maximum transaction amount 219.81; prior 7-day total transaction amount 3048.08; prior 14-day transaction count 59; prior 14-day fraud rate 0.016949; recent 7-day transaction-count change versus the preceding 7 days -1.
fraud_Murray-Smitham,2020-05-23,0.8150531231066978,1,105.29206896551723,219.81,3053.47,59.0,0.01694915254237288,-1.0,Historical evidence only: prior 7-day average transaction amount 105.29; prior 7-day maximum transaction amount 219.81; prior 7-day total transaction amount 3053.47; prior 14-day transaction count 59; prior 14-day fraud rate 0.016949; recent 7-day transaction-count change versus the preceding 7 days -1.
fraud_Murray-Smitham,2020-05-24,0.8150531231066978,1,109.235,219.81,3058.58,58.0,0.017241379310344827,-2.0,Historical evidence only: prior 7-day average transaction amount 109.23; prior 7-day maximum transaction amount 219.81; prior 7-day total transaction amount 3058.58; prior 14-day transaction count 58; prior 14-day fraud rate 0.017241; recent 7-day transaction-count change versus the preceding 7 days -2.
"fraud_Schoen, Kuphal and Nitzsche",2020-06-10,0.8150531231066978,1,107.11066666666667,200.43,3213.32,62.0,0.016129032258064516,-2.0,Historical evidence only: prior 7-day average transaction amount 107.11; prior 7-day maximum transaction amount 200.43; prior 7-day total transaction amount 3213.32; prior 14-day transaction count 62; prior 14-day fraud rate 0.016129; recent 7-day transaction-count change versus the preceding 7 days -2.
fraud_Hudson-Ratke,2020-06-10,0.8150479982848561,1,128.48694444444448,228.92,4625.530000000001,78.0,0.0,-6.0,Historical evidence only: prior 7-day average transaction amount 128.49; prior 7-day maximum transaction amount 228.92; prior 7-day total transaction amount 4625.53; prior 14-day transaction count 78; prior 14-day fraud rate 0.000000; recent 7-day transaction-count change versus the preceding 7 days -6.
fraud_Auer-Mosciski,2020-06-11,0.8150479982848561,1,125.96972222222222,228.25,4534.91,79.0,0.0,-7.0,Historical evidence only: prior 7-day average transaction amount 125.97; prior 7-day maximum transaction amount 228.25; prior 7-day total transaction amount 4534.91; prior 14-day transaction count 79; prior 14-day fraud rate 0.000000; recent 7-day transaction-count change versus the preceding 7 days -7.
fraud_Hackett-Lueilwitz,2020-06-12,0.8150479982848561,1,120.19027027027028,213.01,4447.04,79.0,0.0,-5.0,Historical evidence only: prior 7-day average transaction amount 120.19; prior 7-day maximum transaction amount 213.01; prior 7-day total transaction amount 4447.04; prior 14-day transaction count 79; prior 14-day fraud rate 0.000000; recent 7-day transaction-count change versus the preceding 7 days -5.
fraud_Kiehn-Emmerich,2020-05-25,0.8150454404509445,1,108.06138888888889,342.42,3890.21,79.0,0.012658227848101266,-7.0,Historical evidence only: prior 7-day average transaction amount 108.06; prior 7-day maximum transaction amount 342.42; prior 7-day total transaction amount 3890.21; prior 14-day transaction count 79; prior 14-day fraud rate 0.012658; recent 7-day transaction-count change versus the preceding 7 days -7.
fraud_Padberg-Welch,2020-05-18,0.8150421530869221,1,107.57975000000002,213.47,4303.1900000000005,69.0,0.0,11.0,Historical evidence only: prior 7-day average transaction amount 107.58; prior 7-day maximum transaction amount 213.47; prior 7-day total transaction amount 4303.19; prior 14-day transaction count 69; prior 14-day fraud rate 0.000000; recent 7-day transaction-count change versus the preceding 7 days 11.
fraud_Padberg-Welch,2020-06-03,0.8150421530869221,1,106.91736842105263,213.76,4062.86,71.0,0.0,5.0,Historical evidence only: prior 7-day average transaction amount 106.92; prior 7-day maximum transaction amount 213.76; prior 7-day total transaction amount 4062.86; prior 14-day transaction count 71; prior 14-day fraud rate 0.000000; recent 7-day transaction-count change versus the preceding 7 days 5.
fraud_Murray-Smitham,2020-05-02,0.8150392421226955,1,134.40205882352942,222.24,4569.67,65.0,0.015384615384615385,3.0,Historical evidence only: prior 7-day average transaction amount 134.40; prior 7-day maximum transaction amount 222.24; prior 7-day total transaction amount 4569.67; prior 14-day transaction count 65; prior 14-day fraud rate 0.015385; recent 7-day transaction-count change versus the preceding 7 days 3.
fraud_Schumm PLC,2020-06-09,0.8150299663072619,1,117.0154716981132,1088.48,6201.82,105.0,0.01904761904761905,1.0,Historical evidence only: prior 7-day average transaction amount 117.02; prior 7-day maximum transaction amount 1088.48; prior 7-day total transaction amount 6201.82; prior 14-day transaction count 105; prior 14-day fraud rate 0.019048; recent 7-day transaction-count change versus the preceding 7 days 1.
"fraud_Schumm, Bauch and Ondricka",2020-05-03,0.8149992657665713,1,121.68470588235293,222.72,4137.28,60.0,0.016666666666666666,8.0,Historical evidence only: prior 7-day average transaction amount 121.68; prior 7-day maximum transaction amount 222.72; prior 7-day total transaction amount 4137.28; prior 14-day transaction count 60; prior 14-day fraud rate 0.016667; recent 7-day transaction-count change versus the preceding 7 days 8.
"fraud_Huel, Hammes and Witting",2020-05-10,0.8149959651074988,1,122.18909090909091,309.2,4032.24,64.0,0.03125,2.0,Historical evidence only: prior 7-day average transaction amount 122.19; prior 7-day maximum transaction amount 309.20; prior 7-day total transaction amount 4032.24; prior 14-day transaction count 64; prior 14-day fraud rate 0.031250; recent 7-day transaction-count change versus the preceding 7 days 2.
fraud_Barton Inc,2020-06-14,0.8149825456036267,1,105.58300000000003,227.37,3167.4900000000007,84.0,0.0,-24.0,Historical evidence only: prior 7-day average transaction amount 105.58; prior 7-day maximum transaction amount 227.37; prior 7-day total transaction amount 3167.49; prior 14-day transaction count 84; prior 14-day fraud rate 0.000000; recent 7-day transaction-count change versus the preceding 7 days -24.
fraud_Kuhic Inc,2020-05-15,0.8149795823644034,1,102.42291666666667,224.66,2458.15,49.0,0.0,-1.0,Historical evidence only: prior 7-day average transaction amount 102.42; prior 7-day maximum transaction amount 224.66; prior 7-day total transaction amount 2458.15; prior 14-day transaction count 49; prior 14-day fraud rate 0.000000; recent 7-day transaction-count change versus the preceding 7 days -1.
fraud_Kuhic Inc,2020-05-19,0.8149795823644034,1,97.33692307692307,212.05,2530.7599999999998,49.0,0.0,3.0,Historical evidence only: prior 7-day average transaction amount 97.34; prior 7-day maximum transaction amount 212.05; prior 7-day total transaction amount 2530.76; prior 14-day transaction count 49; prior 14-day fraud rate 0.000000; recent 7-day transaction-count change versus the preceding 7 days 3.
fraud_Doyle Ltd,2020-05-28,0.8148687993749131,1,125.92592592592592,310.53,3400.0,61.0,0.03278688524590164,-7.0,Historical evidence only: prior 7-day average transaction amount 125.93; prior 7-day maximum transaction amount 310.53; prior 7-day total transaction amount 3400.00; prior 14-day transaction count 61; prior 14-day fraud rate 0.032787; recent 7-day transaction-count change versus the preceding 7 days -7.
